Lead_ID,Lead_Source,Region,Industry,Company_Size,Sales_Agent,Number_of_Calls,Number_of_Emails,Last_Interaction_Days,Contacted,Response,Converted,Deal_Value,Date_Created,Engagement_Score,Recency,Lead_Age_Days,Conversion_Probability,Lead_Score,Recommendation
LEAD_0001,LinkedIn,East,Finance,Medium,Priya,3.0,21.0,140,Yes,No Response,0,0.0,2025-02-20,37.5,Cold,440,0.38209908994602,38.21,Send Follow-up Email
LEAD_0002,LinkedIn,North,Finance,Medium,Vikram,19.0,0.0,144,Yes,No Response,0,0.0,2025-10-12,38.0,Cold,206,0.337692388379535,33.77,Send Follow-up Email
LEAD_0003,Email Campaign,West,Finance,Enterprise,Vikram,8.0,25.0,2,Yes,No Response,0,0.0,2024-11-02,53.5,Hot,550,0.31270339793548924,31.27,Low Priority - Nurture
LEAD_0004,Website,South,Finance,Large,Amit,2.0,12.0,25,No,Negative,0,0.0,2025-02-21,22.0,Hot,439,0.396979851955251,39.7,Send Follow-up Email
LEAD_0005,LinkedIn,West,Education,Small,Sneha,2.0,17.0,76,No,No Response,0,0.0,2025-06-21,29.5,Warm,319,0.3480966817358402,34.81,Send Follow-up Email
LEAD_0006,LinkedIn,North,Finance,Large,Amit,7.0,27.0,26,No,Negative,0,0.0,2025-02-28,54.5,Hot,432,0.36281937975173667,36.28,Send Follow-up Email
LEAD_0007,Website,South,Healthcare,Large,Priya,8.0,22.0,175,Yes,No Response,0,0.0,2024-09-10,49.0,Cold,603,0.3789397896090283,37.89,Send Follow-up Email
LEAD_0008,Email Campaign,South,Finance,Enterprise,Sneha,8.0,29.0,164,Yes,No Response,0,0.0,2024-06-02,59.5,Cold,703,0.31434356057527246,31.43,Low Priority - Nurture
LEAD_0009,LinkedIn,South,Technology,Large,Sneha,8.0,2.0,55,No,Positive,0,0.0,2025-12-18,19.0,Warm,139,0.34601595622448733,34.6,Send Follow-up Email
LEAD_0010,Referral,South,Healthcare,Medium,Priya,17.0,17.0,68,No,No Response,1,62366.63,2025-04-24,59.5,Warm,377,0.3704128506005763,37.04,Send Follow-up Email
LEAD_0011,Cold Call,South,Education,Enterprise,Amit,1.0,27.0,29,Yes,No Response,0,0.0,2026-03-25,42.5,Hot,42,0.26902491037945053,26.9,Low Priority - Nurture
LEAD_0012,Referral,Central,Technology,Enterprise,Sneha,19.0,14.0,136,No,No Response,0,0.0,2024-10-19,59.0,Cold,564,0.4087950832987512,40.88,Send Follow-up Email
LEAD_0013,LinkedIn,Central,Healthcare,Large,Amit,9.0,13.0,41,No,Positive,1,6664.75,2024-06-08,37.5,Warm,697,0.4448465275706651,44.48,Call Immediately
LEAD_0014,Website,Central,Finance,Small,Neha,9.0,26.0,164,Yes,Positive,1,131998.68,2025-06-12,57.0,Cold,328,0.44024869638090103,44.02,Re-engage Urgently
LEAD_0015,Cold Call,Central,Education,Small,Vikram,10.0,15.0,5,Yes,Negative,0,0.0,2025-12-30,42.5,Hot,127,0.35476120515249854,35.48,Send Follow-up Email
LEAD_0016,Website,South,Technology,Medium,Vikram,2.0,2.0,125,Yes,No Response,1,125591.5,2024-05-19,7.0,Cold,717,0.4313427910533647,43.13,Re-engage Urgently
LEAD_0017,Referral,Central,Finance,Large,Vikram,19.0,13.0,55,Yes,No Response,1,23616.76,2025-06-04,57.5,Warm,336,0.4021524370888288,40.22,Send Follow-up Email
LEAD_0018,Website,West,Education,Enterprise,Amit,7.0,7.0,17,No,Positive,0,0.0,2025-12-05,24.5,Hot,152,0.352389783703492,35.24,Send Follow-up Email
LEAD_0019,Cold Call,Central,Finance,Small,Amit,20.0,1.0,59,Yes,Positive,0,0.0,2025-07-08,41.5,Warm,302,0.37603177669210935,37.6,Send Follow-up Email
LEAD_0020,Cold Call,East,Retail,Medium,Vikram,4.0,23.0,147,No,Positive,1,15274.32,2026-05-05,42.5,Cold,1,0.3196853958150914,31.97,Low Priority - Nurture
LEAD_0021,Cold Call,North,Technology,Enterprise,Rahul,13.0,13.0,120,Yes,No Response,1,122087.06,2026-02-20,45.5,Cold,75,0.27704549309684545,27.7,Low Priority - Nurture
LEAD_0022,LinkedIn,West,Healthcare,Small,Priya,6.0,6.0,138,No,Positive,1,98696.06,2024-10-25,21.0,Cold,558,0.372194049951412,37.22,Send Follow-up Email
LEAD_0023,Website,West,Finance,Small,Sneha,17.0,3.0,13,Yes,Positive,0,0.0,2026-04-20,38.5,Hot,16,0.3672827185368506,36.73,Send Follow-up Email
LEAD_0024,Cold Call,West,Retail,Enterprise,Priya,12.0,28.0,16,Yes,No Response,1,128060.88,2025-04-06,66.0,Hot,395,0.27972966892019646,27.97,Low Priority - Nurture
LEAD_0025,Referral,East,Retail,Large,Sneha,17.0,21.0,125,Yes,Positive,0,0.0,2025-02-17,65.5,Cold,443,0.3917445040422574,39.17,Send Follow-up Email
LEAD_0026,LinkedIn,Central,Education,Small,Neha,10.0,1.0,13,No,No Response,0,0.0,2024-11-07,21.5,Hot,545,0.45425635605016723,45.43,Call Immediately
LEAD_0027,LinkedIn,Central,Technology,Medium,Amit,19.0,2.0,173,Yes,Negative,1,82013.29,2024-10-21,41.0,Cold,562,0.398737754397559,39.87,Send Follow-up Email
LEAD_0028,Email Campaign,South,Education,Small,Vikram,2.0,13.0,169,No,Negative,0,0.0,2025-05-14,23.5,Cold,357,0.32835460942922673,32.84,Low Priority - Nurture
LEAD_0029,Website,South,Healthcare,Enterprise,Priya,20.0,9.0,118,No,Positive,0,0.0,2025-06-09,53.5,Cold,331,0.3605896453598668,36.06,Send Follow-up Email
LEAD_0030,Email Campaign,Central,Technology,Small,Vikram,6.0,16.0,68,Yes,Negative,0,0.0,2024-08-26,36.0,Warm,618,0.4213365747238003,42.13,Re-engage Urgently
LEAD_0031,Website,East,Finance,Enterprise,Vikram,9.0,19.0,168,Yes,No Response,1,132494.19,2025-02-20,46.5,Cold,440,0.3869841120178246,38.7,Send Follow-up Email
LEAD_0032,LinkedIn,South,Healthcare,Small,Amit,17.0,4.0,70,No,No Response,1,48409.92,2024-10-16,40.0,Warm,567,0.38620063069607596,38.62,Send Follow-up Email
LEAD_0033,Website,South,Healthcare,Enterprise,Rahul,1.0,0.0,163,No,Negative,0,0.0,2025-06-20,2.0,Cold,320,0.3576333063480331,35.76,Send Follow-up Email
LEAD_0034,Website,South,Healthcare,Medium,Neha,14.0,17.0,110,Yes,Positive,0,0.0,2025-01-09,53.5,Cold,482,0.3968978058009786,39.69,Send Follow-up Email
LEAD_0035,Cold Call,Central,Technology,Large,Vikram,17.0,4.0,111,Yes,Positive,0,0.0,2026-05-05,40.0,Cold,1,0.32361610212772873,32.36,Low Priority - Nurture
LEAD_0036,LinkedIn,East,Finance,Medium,Neha,3.0,11.0,144,No,No Response,0,0.0,2024-08-10,22.5,Cold,634,0.41063251867739226,41.06,Send Follow-up Email
LEAD_0037,Cold Call,South,Finance,Enterprise,Amit,5.0,23.0,86,No,No Response,1,139235.75,2026-04-18,44.5,Warm,18,0.2645269108958429,26.45,Low Priority - Nurture
LEAD_0038,Website,South,Technology,Enterprise,Amit,15.0,7.0,52,No,Negative,1,122558.65,2024-07-07,40.5,Warm,668,0.39746463606002647,39.75,Send Follow-up Email
LEAD_0039,Cold Call,South,Technology,Medium,Sneha,10.0,8.0,18,No,Negative,0,0.0,2025-06-07,32.0,Hot,333,0.32413998355453866,32.41,Low Priority - Nurture
LEAD_0040,Referral,Central,Healthcare,Small,Amit,8.0,0.0,149,No,Positive,0,0.0,2025-11-19,16.0,Cold,168,0.42920688296910275,42.92,Re-engage Urgently
LEAD_0041,Referral,East,Healthcare,Enterprise,Vikram,16.0,3.0,99,Yes,Negative,0,0.0,2026-05-04,36.5,Cold,2,0.33540560831093946,33.54,Send Follow-up Email
LEAD_0042,Referral,North,Education,Medium,Rahul,13.0,2.0,171,No,No Response,0,0.0,2024-05-16,29.0,Cold,720,0.4082374566816831,40.82,Send Follow-up Email
LEAD_0043,LinkedIn,East,Education,Large,Neha,13.0,10.0,104,No,No Response,0,0.0,2024-08-14,41.0,Cold,630,0.3931572902886542,39.32,Send Follow-up Email
LEAD_0044,Referral,West,Finance,Large,Sneha,17.0,26.0,1,No,Negative,0,0.0,2025-01-22,73.0,Hot,469,0.34607010839969105,34.61,Send Follow-up Email
LEAD_0045,Email Campaign,Central,Healthcare,Enterprise,Sneha,14.0,21.0,55,No,No Response,0,0.0,2026-01-05,59.5,Warm,121,0.33981151393826514,33.98,Send Follow-up Email
LEAD_0046,LinkedIn,East,Education,Large,Amit,7.0,21.0,80,Yes,Positive,0,0.0,2025-07-09,45.5,Warm,301,0.3690473874804582,36.9,Send Follow-up Email
LEAD_0047,LinkedIn,South,Retail,Small,Sneha,13.0,28.0,162,Yes,No Response,0,0.0,2025-04-16,68.0,Cold,385,0.3425590527398339,34.26,Send Follow-up Email
LEAD_0048,Cold Call,South,Technology,Small,Sneha,7.0,5.0,179,No,Positive,1,76684.69,2025-02-09,21.5,Cold,451,0.3382505574686851,33.83,Send Follow-up Email
LEAD_0049,LinkedIn,West,Finance,Enterprise,Neha,16.0,17.0,153,No,Negative,0,0.0,2025-03-13,57.5,Cold,419,0.29151309423083793,29.15,Low Priority - Nurture
LEAD_0050,Email Campaign,West,Education,Enterprise,Priya,15.0,14.0,67,Yes,No Response,0,0.0,2026-03-30,51.0,Warm,37,0.25894718195232447,25.89,Low Priority - Nurture
LEAD_0051,Email Campaign,West,Finance,Large,Sneha,2.0,22.0,74,Yes,Negative,0,0.0,2025-01-27,37.0,Warm,464,0.30483566459468975,30.48,Low Priority - Nurture
LEAD_0052,Email Campaign,North,Finance,Medium,Priya,12.0,22.0,40,Yes,Positive,0,0.0,2025-10-23,57.0,Warm,195,0.339107926502302,33.91,Send Follow-up Email
LEAD_0053,Website,Central,Retail,Enterprise,Amit,6.0,26.0,108,No,No Response,0,0.0,2026-03-31,51.0,Cold,36,0.38922313079307996,38.92,Send Follow-up Email
LEAD_0054,Email Campaign,West,Retail,Small,Rahul,9.0,24.0,100,No,No Response,1,7832.13,2025-09-15,54.0,Cold,233,0.3151283905471796,31.51,Low Priority - Nurture
LEAD_0055,Email Campaign,South,Retail,Medium,Rahul,13.0,15.0,8,No,Negative,1,84189.18,2025-03-15,48.5,Hot,417,0.3442735138640911,34.43,Send Follow-up Email
LEAD_0056,Cold Call,West,Finance,Small,Sneha,18.0,18.0,170,Yes,No Response,1,120730.64,2024-11-25,63.0,Cold,527,0.2954142233421248,29.54,Low Priority - Nurture
LEAD_0057,Cold Call,West,Finance,Small,Rahul,12.0,10.0,55,No,Negative,0,0.0,2025-05-24,39.0,Warm,347,0.305753812508294,30.58,Low Priority - Nurture
LEAD_0058,Referral,East,Retail,Large,Amit,15.0,0.0,139,Yes,Negative,0,0.0,2025-04-27,30.0,Cold,374,0.3786779190261534,37.87,Send Follow-up Email
LEAD_0059,LinkedIn,North,Technology,Medium,Priya,0.0,19.0,40,Yes,Positive,0,0.0,2024-07-24,28.5,Warm,651,0.4198484197728334,41.98,Send Follow-up Email
LEAD_0060,LinkedIn,Central,Finance,Enterprise,Neha,8.0,24.0,95,Yes,No Response,0,0.0,2025-11-27,52.0,Cold,160,0.35134322643570765,35.13,Send Follow-up Email
LEAD_0061,LinkedIn,South,Healthcare,Small,Vikram,0.0,29.0,80,No,Negative,0,0.0,2026-01-17,43.5,Warm,109,0.33971819333461717,33.97,Send Follow-up Email
LEAD_0062,Email Campaign,South,Technology,Large,Neha,19.0,25.0,31,Yes,Negative,1,33757.82,2025-12-12,75.5,Warm,145,0.292637838692056,29.26,Low Priority - Nurture
LEAD_0063,Website,North,Education,Large,Amit,13.0,26.0,126,Yes,Negative,0,0.0,2024-12-11,65.0,Cold,511,0.3786123367042809,37.86,Send Follow-up Email
LEAD_0064,Referral,South,Retail,Medium,Neha,16.0,30.0,167,No,No Response,1,97159.84,2025-05-07,77.0,Cold,364,0.34944386851935194,34.94,Send Follow-up Email
LEAD_0065,Referral,West,Retail,Large,Rahul,7.0,26.0,23,No,Negative,1,83035.07,2024-10-01,53.0,Hot,582,0.36568081453213463,36.57,Send Follow-up Email
LEAD_0066,Referral,Central,Education,Enterprise,Rahul,0.0,15.0,84,Yes,Negative,0,0.0,2025-11-24,22.5,Warm,163,0.3745638550951902,37.46,Send Follow-up Email
LEAD_0067,Website,East,Healthcare,Large,Vikram,0.0,0.0,49,Yes,Positive,0,0.0,2024-06-06,0.0,Warm,699,0.4748286618216041,47.48,Re-engage Urgently
LEAD_0068,Cold Call,West,Retail,Enterprise,Amit,2.0,9.0,57,No,No Response,1,75843.79,2024-11-02,17.5,Warm,550,0.3072557972842058,30.73,Low Priority - Nurture
LEAD_0069,Email Campaign,East,Retail,Large,Sneha,17.0,10.0,91,No,Negative,0,0.0,2026-03-10,49.0,Cold,57,0.32023551100357334,32.02,Low Priority - Nurture
LEAD_0070,Cold Call,North,Finance,Large,Amit,17.0,30.0,177,Yes,Positive,0,0.0,2025-09-09,79.0,Cold,239,0.28343468971662994,28.34,Low Priority - Nurture
LEAD_0071,Referral,East,Education,Large,Amit,6.0,9.0,59,No,No Response,0,0.0,2025-07-13,25.5,Warm,297,0.39755779444193645,39.76,Send Follow-up Email
LEAD_0072,Email Campaign,South,Healthcare,Small,Amit,17.0,9.0,179,Yes,No Response,0,0.0,2025-11-23,47.5,Cold,164,0.30489731637977974,30.49,Low Priority - Nurture
LEAD_0073,LinkedIn,Central,Healthcare,Enterprise,Sneha,14.0,10.0,48,Yes,Negative,1,76177.41,2024-09-26,43.0,Warm,587,0.39376188106656285,39.38,Send Follow-up Email
LEAD_0074,LinkedIn,West,Retail,Small,Vikram,20.0,21.0,14,Yes,Positive,1,74270.73,2024-11-25,71.5,Hot,527,0.36738591431929846,36.74,Send Follow-up Email
LEAD_0075,LinkedIn,South,Technology,Enterprise,Vikram,0.0,25.0,159,Yes,No Response,1,142623.22,2025-05-13,37.5,Cold,358,0.31912518022417674,31.91,Low Priority - Nurture
LEAD_0076,Referral,East,Education,Enterprise,Rahul,18.0,19.0,16,Yes,Positive,0,0.0,2026-01-25,64.5,Hot,101,0.36016569200351695,36.02,Send Follow-up Email
LEAD_0077,Website,North,Finance,Medium,Priya,17.0,2.0,41,Yes,Negative,0,0.0,2025-06-04,37.0,Warm,336,0.40015510587695374,40.02,Send Follow-up Email
LEAD_0078,Email Campaign,West,Healthcare,Small,Priya,9.0,22.0,73,No,Positive,0,0.0,2025-03-31,51.0,Warm,401,0.34004711931872794,34.0,Send Follow-up Email
LEAD_0079,Email Campaign,South,Retail,Small,Vikram,7.0,20.0,39,No,Positive,1,138967.1,2024-12-01,44.0,Warm,521,0.37931647453312,37.93,Send Follow-up Email
LEAD_0080,Cold Call,East,Education,Large,Sneha,3.0,14.0,177,No,No Response,0,0.0,2025-07-19,27.0,Cold,291,0.318695143180186,31.87,Low Priority - Nurture
LEAD_0081,Website,Central,Education,Enterprise,Sneha,2.0,19.0,11,No,No Response,0,0.0,2025-06-01,32.5,Hot,339,0.435522346786041,43.55,Call Immediately
LEAD_0082,Website,North,Technology,Medium,Neha,18.0,18.0,6,No,No Response,0,0.0,2026-03-31,63.0,Hot,36,0.39145942449299187,39.15,Send Follow-up Email
LEAD_0083,Cold Call,West,Education,Enterprise,Rahul,5.0,18.0,112,No,Positive,0,0.0,2025-08-11,37.0,Cold,268,0.27119053592303455,27.12,Low Priority - Nurture
LEAD_0084,Referral,East,Healthcare,Small,Priya,10.0,13.0,178,No,No Response,0,0.0,2025-10-30,39.5,Cold,188,0.39115848055341024,39.12,Send Follow-up Email
LEAD_0085,Email Campaign,North,Retail,Small,Rahul,8.0,10.0,30,No,No Response,1,63065.58,2024-09-20,31.0,Hot,593,0.4017610693499322,40.18,Send Follow-up Email
LEAD_0086,Email Campaign,West,Retail,Small,Priya,16.0,11.0,160,No,No Response,1,5166.9,2025-06-24,48.5,Cold,316,0.3119618633708813,31.2,Low Priority - Nurture
LEAD_0087,LinkedIn,South,Healthcare,Medium,Rahul,14.0,28.0,179,No,Positive,0,0.0,2024-11-21,70.0,Cold,531,0.3508614072484291,35.09,Send Follow-up Email
LEAD_0088,Email Campaign,South,Finance,Large,Vikram,0.0,17.0,105,Yes,Positive,0,0.0,2025-12-31,25.5,Cold,126,0.3061583703769388,30.62,Low Priority - Nurture
LEAD_0089,Referral,North,Finance,Enterprise,Neha,9.0,16.0,70,No,Negative,1,137374.83,2025-05-21,42.0,Warm,350,0.35802676722000315,35.8,Send Follow-up Email
LEAD_0090,Email Campaign,South,Retail,Medium,Vikram,16.0,23.0,35,Yes,Negative,1,40340.98,2026-04-27,66.5,Warm,9,0.2935980743631439,29.36,Low Priority - Nurture
LEAD_0091,Website,Central,Healthcare,Small,Rahul,9.0,26.0,151,No,Positive,1,128889.8,2025-05-14,57.0,Cold,357,0.4545701830899111,45.46,Re-engage Urgently
LEAD_0092,Referral,East,Healthcare,Enterprise,Sneha,10.0,27.0,49,Yes,No Response,0,0.0,2025-12-19,60.5,Warm,138,0.35814869678879263,35.81,Send Follow-up Email
LEAD_0093,Referral,North,Healthcare,Enterprise,Neha,12.0,12.0,170,Yes,Negative,0,0.0,2024-06-23,42.0,Cold,682,0.3655477052573065,36.55,Send Follow-up Email
LEAD_0094,Email Campaign,East,Technology,Enterprise,Amit,16.0,29.0,117,Yes,No Response,1,23305.71,2024-11-03,75.5,Cold,549,0.34236705706882475,34.24,Send Follow-up Email
LEAD_0095,Cold Call,North,Retail,Large,Rahul,19.0,22.0,102,Yes,Negative,0,0.0,2024-09-21,71.0,Cold,592,0.3157457943149487,31.57,Low Priority - Nurture
LEAD_0096,Referral,East,Retail,Small,Vikram,0.0,7.0,162,No,Positive,1,129604.62,2025-04-03,10.5,Cold,398,0.436506786643957,43.65,Re-engage Urgently
LEAD_0097,LinkedIn,North,Retail,Medium,Neha,9.0,28.0,8,Yes,Negative,1,67925.86,2025-09-20,60.0,Hot,228,0.35604938320426865,35.6,Send Follow-up Email
LEAD_0098,Website,West,Finance,Medium,Vikram,13.0,18.0,175,Yes,Positive,1,47538.33,2024-11-16,53.0,Cold,536,0.370309000195291,37.03,Send Follow-up Email
LEAD_0099,Email Campaign,West,Education,Medium,Sneha,18.0,4.0,60,No,No Response,0,0.0,2025-08-18,42.0,Warm,261,0.3068645194595221,30.69,Low Priority - Nurture
LEAD_0100,Website,North,Retail,Large,Neha,17.0,5.0,19,No,Negative,0,0.0,2024-12-20,41.5,Hot,502,0.4163847278562299,41.64,Send Follow-up Email
LEAD_0101,Referral,East,Retail,Large,Priya,12.0,27.0,124,Yes,Positive,1,48377.37,2025-01-09,64.5,Cold,482,0.39742592214473743,39.74,Send Follow-up Email
LEAD_0102,Website,Central,Healthcare,Large,Amit,12.0,8.0,3,Yes,No Response,0,0.0,2025-05-21,36.0,Hot,350,0.4451114060278862,44.51,Call Immediately
LEAD_0103,Website,South,Education,Large,Priya,20.0,6.0,159,No,No Response,1,125761.64,2024-05-23,49.0,Cold,713,0.390149547333859,39.01,Send Follow-up Email
LEAD_0104,Cold Call,North,Technology,Large,Sneha,1.0,18.0,94,Yes,Positive,1,116283.26,2026-03-14,29.0,Cold,53,0.30503347466683034,30.5,Low Priority - Nurture
LEAD_0105,Referral,South,Finance,Medium,Vikram,11.0,16.0,129,No,Positive,1,52374.27,2024-09-17,46.0,Cold,596,0.3912826674303464,39.13,Send Follow-up Email
LEAD_0106,Referral,East,Healthcare,Small,Sneha,2.0,4.0,58,No,No Response,0,0.0,2025-05-21,10.0,Warm,350,0.44009051254996945,44.01,Re-engage Urgently
LEAD_0107,Referral,North,Healthcare,Small,Sneha,11.0,21.0,173,No,No Response,0,0.0,2025-05-02,53.5,Cold,369,0.38583404680400524,38.58,Send Follow-up Email
LEAD_0108,Website,North,Finance,Enterprise,Amit,19.0,28.0,144,No,No Response,0,0.0,2025-09-13,80.0,Cold,235,0.3479331782314414,34.79,Send Follow-up Email
LEAD_0109,LinkedIn,West,Healthcare,Enterprise,Amit,4.0,1.0,10,No,Negative,0,0.0,2026-01-08,9.5,Hot,118,0.307736724116011,30.77,Low Priority - Nurture
LEAD_0110,Cold Call,Central,Finance,Enterprise,Sneha,11.0,21.0,179,No,No Response,0,0.0,2026-03-07,53.5,Cold,60,0.2965511756185319,29.66,Low Priority - Nurture
LEAD_0111,Referral,North,Retail,Enterprise,Rahul,0.0,22.0,95,Yes,Negative,1,27405.82,2025-11-06,33.0,Cold,181,0.3422427871899221,34.22,Send Follow-up Email
LEAD_0112,Cold Call,East,Technology,Large,Vikram,0.0,11.0,16,No,Negative,0,0.0,2025-07-02,16.5,Hot,308,0.3520574912864555,35.21,Send Follow-up Email
LEAD_0113,LinkedIn,West,Technology,Medium,Neha,20.0,19.0,6,Yes,Negative,0,0.0,2025-06-14,68.5,Hot,326,0.32668801819006077,32.67,Low Priority - Nurture
LEAD_0114,Cold Call,Central,Finance,Small,Vikram,6.0,18.0,56,Yes,Negative,0,0.0,2025-09-27,39.0,Warm,221,0.3588207982331722,35.88,Send Follow-up Email
LEAD_0115,Email Campaign,North,Healthcare,Medium,Priya,17.0,8.0,45,Yes,No Response,1,119353.34,2025-02-22,46.0,Warm,438,0.35609063135155555,35.61,Send Follow-up Email
LEAD_0116,Website,South,Education,Large,Amit,5.0,8.0,14,Yes,No Response,1,24111.47,2025-08-20,22.0,Hot,259,0.38046919755996567,38.05,Send Follow-up Email
LEAD_0117,LinkedIn,North,Retail,Enterprise,Rahul,16.0,18.0,28,No,No Response,0,0.0,2024-09-10,59.0,Hot,603,0.3733249610208268,37.33,Send Follow-up Email
LEAD_0118,Email Campaign,North,Education,Large,Sneha,20.0,0.0,8,Yes,Negative,0,0.0,2026-02-27,40.0,Hot,68,0.30753088843765936,30.75,Low Priority - Nurture
LEAD_0119,LinkedIn,West,Retail,Small,Amit,10.0,19.0,38,Yes,Positive,1,66809.67,2024-09-21,48.5,Warm,592,0.37912430635976424,37.91,Send Follow-up Email
LEAD_0120,Email Campaign,Central,Healthcare,Enterprise,Vikram,16.0,9.0,117,No,Positive,0,0.0,2025-08-11,45.5,Cold,268,0.3532696501206989,35.33,Send Follow-up Email
LEAD_0121,Email Campaign,South,Retail,Enterprise,Priya,13.0,10.0,117,No,Negative,1,21590.04,2024-07-30,41.0,Cold,645,0.3237435782401868,32.37,Low Priority - Nurture
LEAD_0122,Website,East,Healthcare,Medium,Neha,15.0,2.0,24,Yes,Positive,1,50319.51,2025-06-11,33.0,Hot,329,0.4417912161722125,44.18,Call Immediately
LEAD_0123,Website,South,Education,Small,Vikram,17.0,17.0,85,Yes,Negative,0,0.0,2024-05-31,59.5,Warm,705,0.4120674609581702,41.21,Send Follow-up Email
LEAD_0124,Referral,North,Healthcare,Large,Rahul,3.0,18.0,130,Yes,Positive,0,0.0,2024-11-18,33.0,Cold,534,0.39301298586685546,39.3,Send Follow-up Email
LEAD_0125,LinkedIn,East,Education,Large,Amit,8.0,18.0,58,No,No Response,1,37515.51,2024-05-21,43.0,Warm,715,0.4103490858424999,41.03,Send Follow-up Email
LEAD_0126,Email Campaign,Central,Technology,Large,Amit,5.0,8.0,180,No,Negative,1,123671.89,2025-01-28,22.0,Cold,463,0.371940902751395,37.19,Send Follow-up Email
LEAD_0127,Cold Call,South,Education,Enterprise,Amit,4.0,23.0,163,Yes,Positive,0,0.0,2025-07-12,42.5,Cold,298,0.27466615514329634,27.47,Low Priority - Nurture
LEAD_0128,Referral,West,Healthcare,Medium,Rahul,9.0,23.0,84,Yes,Positive,1,36194.27,2025-12-26,52.5,Warm,131,0.3340173004984314,33.4,Send Follow-up Email
LEAD_0129,Email Campaign,North,Technology,Large,Sneha,13.0,15.0,156,No,Negative,0,0.0,2025-08-12,48.5,Cold,267,0.31401358445718214,31.4,Low Priority - Nurture
LEAD_0130,Email Campaign,North,Healthcare,Enterprise,Amit,9.0,21.0,174,No,No Response,0,0.0,2024-12-23,49.5,Cold,499,0.32276834256757286,32.28,Low Priority - Nurture
LEAD_0131,Referral,Central,Technology,Small,Priya,9.0,30.0,55,Yes,Negative,1,11585.52,2025-04-24,63.0,Warm,377,0.43290593879592587,43.29,Re-engage Urgently
LEAD_0132,LinkedIn,North,Retail,Enterprise,Priya,4.0,12.0,137,Yes,No Response,0,0.0,2026-04-10,26.0,Cold,26,0.3114671083259503,31.15,Low Priority - Nurture
LEAD_0133,Website,North,Retail,Small,Sneha,0.0,14.0,20,No,No Response,0,0.0,2025-04-19,21.0,Hot,382,0.4516460345348722,45.16,Call Immediately
LEAD_0134,Referral,West,Healthcare,Small,Sneha,0.0,30.0,84,Yes,No Response,0,0.0,2025-09-22,45.0,Warm,226,0.35201116652081194,35.2,Send Follow-up Email
LEAD_0135,Website,North,Retail,Small,Priya,13.0,18.0,103,Yes,Negative,0,0.0,2025-10-23,53.0,Cold,195,0.38983544194476555,38.98,Send Follow-up Email
LEAD_0136,Cold Call,East,Finance,Small,Vikram,20.0,3.0,136,Yes,Negative,1,113141.7,2025-10-17,44.5,Cold,201,0.3206229640929706,32.06,Low Priority - Nurture
LEAD_0137,Cold Call,South,Technology,Medium,Rahul,6.0,5.0,155,Yes,No Response,0,0.0,2025-05-10,19.5,Cold,361,0.3101654299566071,31.02,Low Priority - Nurture
LEAD_0138,Referral,West,Education,Enterprise,Neha,18.0,20.0,163,No,No Response,0,0.0,2026-01-21,66.0,Cold,105,0.28441629933435875,28.44,Low Priority - Nurture
LEAD_0139,Referral,North,Retail,Enterprise,Neha,9.0,25.0,71,Yes,Negative,0,0.0,2025-09-01,55.5,Warm,247,0.34286952449941793,34.29,Send Follow-up Email
LEAD_0140,Website,West,Retail,Small,Amit,11.0,26.0,74,Yes,No Response,0,0.0,2025-10-15,61.0,Warm,203,0.3653698780346582,36.54,Send Follow-up Email
LEAD_0141,Email Campaign,Central,Education,Enterprise,Sneha,18.0,17.0,11,No,No Response,1,129017.54,2025-09-02,61.5,Hot,246,0.3521962454700063,35.22,Send Follow-up Email
LEAD_0142,Referral,Central,Finance,Small,Sneha,3.0,25.0,88,Yes,No Response,1,51621.38,2025-01-10,43.5,Warm,481,0.4460624388180238,44.61,Re-engage Urgently
LEAD_0143,LinkedIn,South,Retail,Enterprise,Vikram,16.0,19.0,41,No,Negative,0,0.0,2024-05-27,60.5,Warm,709,0.35462200266127436,35.46,Send Follow-up Email
LEAD_0144,Website,Central,Technology,Large,Amit,10.0,3.0,143,No,Negative,1,61175.4,2025-12-23,24.5,Cold,134,0.4064380384174218,40.64,Send Follow-up Email
LEAD_0145,Email Campaign,South,Healthcare,Small,Vikram,4.0,29.0,90,No,No Response,0,0.0,2026-02-13,51.5,Warm,82,0.32080264493233607,32.08,Low Priority - Nurture
LEAD_0146,Email Campaign,North,Healthcare,Enterprise,Neha,10.0,26.0,33,Yes,No Response,1,61833.91,2025-12-13,59.0,Warm,144,0.3069134539432182,30.69,Low Priority - Nurture
LEAD_0147,LinkedIn,East,Healthcare,Medium,Priya,10.0,30.0,125,Yes,Positive,1,78730.83,2024-09-27,65.0,Cold,586,0.39781259134180086,39.78,Send Follow-up Email
LEAD_0148,Website,North,Education,Small,Neha,10.0,28.0,159,Yes,No Response,1,27467.05,2024-06-26,62.0,Cold,679,0.4244169131083429,42.44,Re-engage Urgently
LEAD_0149,Cold Call,South,Education,Medium,Neha,14.0,1.0,106,No,No Response,0,0.0,2025-12-25,29.5,Cold,132,0.29193406708838304,29.19,Low Priority - Nurture
LEAD_0150,Email Campaign,East,Retail,Medium,Vikram,7.0,0.0,121,Yes,Negative,1,145590.35,2025-10-10,14.0,Cold,208,0.3473275902524573,34.73,Send Follow-up Email
LEAD_0151,Referral,West,Healthcare,Enterprise,Vikram,16.0,13.0,42,Yes,No Response,1,87710.81,2026-02-23,51.5,Warm,72,0.30327907580558594,30.33,Low Priority - Nurture
LEAD_0152,Website,North,Retail,Large,Vikram,3.0,22.0,133,Yes,Negative,0,0.0,2024-06-15,39.0,Cold,690,0.4120163054619781,41.2,Send Follow-up Email
LEAD_0153,Cold Call,East,Retail,Medium,Sneha,2.0,30.0,57,No,Negative,0,0.0,2026-02-14,49.0,Warm,81,0.32546584932897754,32.55,Low Priority - Nurture
LEAD_0154,Referral,Central,Healthcare,Medium,Sneha,2.0,11.0,58,Yes,Negative,1,65160.05,2024-12-22,20.5,Warm,500,0.44180400833268463,44.18,Re-engage Urgently
LEAD_0155,Website,South,Finance,Small,Rahul,15.0,22.0,36,No,Negative,1,126680.56,2026-04-29,63.0,Warm,7,0.3645929478829364,36.46,Send Follow-up Email
LEAD_0156,LinkedIn,North,Healthcare,Medium,Priya,17.0,30.0,156,No,Positive,0,0.0,2024-12-30,79.0,Cold,492,0.36550212322816217,36.55,Send Follow-up Email
LEAD_0157,LinkedIn,North,Finance,Enterprise,Neha,19.0,14.0,17,Yes,Negative,1,39457.83,2024-08-02,59.0,Hot,642,0.35937015063561156,35.94,Send Follow-up Email
LEAD_0158,LinkedIn,Central,Education,Medium,Neha,4.0,9.0,110,Yes,No Response,0,0.0,2025-10-24,21.5,Cold,194,0.3853529121643098,38.54,Send Follow-up Email
LEAD_0159,Email Campaign,West,Finance,Small,Vikram,11.0,2.0,135,Yes,Negative,0,0.0,2024-07-03,25.0,Cold,672,0.3370918197670554,33.71,Send Follow-up Email
LEAD_0160,Referral,East,Healthcare,Small,Rahul,2.0,0.0,62,Yes,No Response,1,11312.49,2024-12-23,4.0,Warm,499,0.4488358943939557,44.88,Re-engage Urgently
LEAD_0161,LinkedIn,East,Education,Large,Neha,5.0,26.0,176,No,No Response,1,53215.2,2024-12-12,49.0,Cold,510,0.3694446268772796,36.94,Send Follow-up Email
LEAD_0162,Cold Call,South,Technology,Enterprise,Amit,9.0,6.0,12,Yes,Positive,0,0.0,2025-11-07,27.0,Hot,180,0.29896984074739874,29.9,Low Priority - Nurture
LEAD_0163,Website,Central,Retail,Enterprise,Rahul,0.0,24.0,166,Yes,Negative,0,0.0,2026-01-19,36.0,Cold,107,0.3776180882704945,37.76,Send Follow-up Email
LEAD_0164,LinkedIn,East,Healthcare,Small,Rahul,13.0,28.0,103,No,Negative,0,0.0,2024-08-17,68.0,Cold,627,0.4074782012004193,40.75,Send Follow-up Email
LEAD_0165,Cold Call,West,Retail,Large,Vikram,8.0,25.0,22,No,Positive,0,0.0,2024-07-18,53.5,Hot,657,0.32920387733035816,32.92,Low Priority - Nurture
LEAD_0166,Cold Call,Central,Healthcare,Large,Amit,2.0,10.0,170,No,Negative,0,0.0,2025-05-09,19.0,Cold,362,0.34251381953801724,34.25,Send Follow-up Email
LEAD_0167,Referral,South,Retail,Large,Sneha,1.0,23.0,91,No,Negative,0,0.0,2024-08-16,36.5,Cold,628,0.38286180158172456,38.29,Send Follow-up Email
LEAD_0168,LinkedIn,North,Retail,Large,Vikram,5.0,30.0,8,Yes,No Response,0,0.0,2024-09-08,55.0,Hot,605,0.38807194260393446,38.81,Send Follow-up Email
LEAD_0169,Cold Call,North,Finance,Large,Rahul,12.0,30.0,146,Yes,No Response,1,68535.06,2025-07-09,69.0,Cold,301,0.2903251724440468,29.03,Low Priority - Nurture
LEAD_0170,Referral,East,Healthcare,Enterprise,Amit,18.0,4.0,136,No,Negative,0,0.0,2025-03-25,42.0,Cold,407,0.36905984804437997,36.91,Send Follow-up Email
LEAD_0171,Website,South,Technology,Small,Neha,5.0,15.0,133,No,No Response,0,0.0,2025-03-31,32.5,Cold,401,0.41085928226677976,41.09,Send Follow-up Email
LEAD_0172,Website,West,Finance,Large,Neha,15.0,6.0,32,Yes,Positive,0,0.0,2025-10-03,39.0,Warm,215,0.35714584453581877,35.71,Send Follow-up Email
LEAD_0173,Referral,North,Healthcare,Large,Neha,2.0,17.0,139,No,Negative,0,0.0,2026-02-07,29.5,Cold,88,0.3433892740466978,34.34,Send Follow-up Email
LEAD_0174,Cold Call,East,Education,Medium,Amit,6.0,25.0,36,Yes,Negative,1,108212.32,2024-12-01,49.5,Warm,521,0.3535261941506526,35.35,Send Follow-up Email
LEAD_0175,Email Campaign,Central,Healthcare,Enterprise,Vikram,4.0,19.0,23,Yes,Negative,0,0.0,2026-02-05,36.5,Hot,90,0.3385189326414494,33.85,Send Follow-up Email
LEAD_0176,Referral,Central,Retail,Enterprise,Vikram,2.0,4.0,82,Yes,Negative,0,0.0,2025-05-22,10.0,Warm,349,0.4021285061175044,40.21,Send Follow-up Email
LEAD_0177,Email Campaign,East,Finance,Medium,Priya,13.0,16.0,15,Yes,No Response,0,0.0,2024-06-04,50.0,Hot,701,0.4013743551894278,40.14,Send Follow-up Email
LEAD_0178,Cold Call,South,Healthcare,Medium,Rahul,16.0,28.0,73,Yes,Negative,0,0.0,2024-07-27,74.0,Warm,648,0.31821095826651197,31.82,Low Priority - Nurture
LEAD_0179,Email Campaign,East,Finance,Large,Vikram,17.0,2.0,129,Yes,No Response,0,0.0,2024-06-25,37.0,Cold,680,0.3690410595887084,36.9,Send Follow-up Email
LEAD_0180,Email Campaign,Central,Healthcare,Small,Amit,2.0,1.0,165,No,No Response,1,27358.17,2025-07-14,5.5,Cold,296,0.39431614697594297,39.43,Send Follow-up Email
LEAD_0181,Email Campaign,West,Education,Small,Sneha,20.0,17.0,75,No,No Response,0,0.0,2025-12-02,65.5,Warm,155,0.3003148272005135,30.03,Low Priority - Nurture
LEAD_0182,Referral,East,Retail,Small,Neha,1.0,5.0,113,No,Negative,0,0.0,2025-08-24,9.5,Cold,255,0.41564326176275324,41.56,Send Follow-up Email
LEAD_0183,Website,Central,Finance,Large,Neha,10.0,23.0,89,No,Positive,0,0.0,2026-01-30,54.5,Warm,96,0.41238896160704364,41.24,Send Follow-up Email
LEAD_0184,LinkedIn,East,Finance,Enterprise,Amit,8.0,14.0,64,Yes,Positive,1,79672.12,2024-10-27,37.0,Warm,556,0.38690123027983986,38.69,Send Follow-up Email
LEAD_0185,Referral,Central,Retail,Medium,Priya,0.0,29.0,148,No,Positive,0,0.0,2025-03-29,43.5,Cold,403,0.43464356665634934,43.46,Re-engage Urgently
LEAD_0186,Email Campaign,West,Retail,Large,Sneha,0.0,2.0,101,No,Positive,1,77248.5,2024-07-18,3.0,Cold,657,0.3520430154348291,35.2,Send Follow-up Email
LEAD_0187,Website,North,Technology,Large,Sneha,19.0,28.0,168,No,Negative,0,0.0,2025-03-16,80.0,Cold,416,0.37152975709527053,37.15,Send Follow-up Email
LEAD_0188,LinkedIn,West,Finance,Large,Neha,11.0,24.0,104,No,Positive,0,0.0,2025-11-21,58.0,Cold,166,0.3051239126997344,30.51,Low Priority - Nurture
LEAD_0189,Email Campaign,Central,Finance,Large,Vikram,9.0,2.0,99,No,No Response,0,0.0,2026-03-23,21.0,Cold,44,0.3484800190160858,34.85,Send Follow-up Email
LEAD_0190,Email Campaign,Central,Technology,Medium,Amit,12.0,11.0,87,No,Positive,0,0.0,2025-06-16,40.5,Warm,324,0.3963922050181241,39.64,Send Follow-up Email
LEAD_0191,Email Campaign,West,Education,Small,Amit,1.0,4.0,86,No,No Response,0,0.0,2024-08-09,8.0,Warm,635,0.36172853800769866,36.17,Send Follow-up Email
LEAD_0192,Email Campaign,Central,Finance,Large,Vikram,10.0,5.0,101,No,No Response,0,0.0,2025-07-23,27.5,Cold,287,0.3676457893170199,36.76,Send Follow-up Email
LEAD_0193,Email Campaign,Central,Retail,Large,Sneha,0.0,11.0,85,Yes,Negative,0,0.0,2025-09-24,16.5,Warm,224,0.3614700511862501,36.15,Send Follow-up Email
LEAD_0194,LinkedIn,Central,Retail,Large,Neha,18.0,18.0,59,Yes,No Response,0,0.0,2026-03-14,63.0,Warm,53,0.35858027176182056,35.86,Send Follow-up Email
LEAD_0195,Email Campaign,Central,Retail,Medium,Neha,7.0,1.0,147,Yes,Positive,0,0.0,2024-08-10,15.5,Cold,634,0.41513164964295785,41.51,Send Follow-up Email
LEAD_0196,Website,West,Finance,Enterprise,Neha,6.0,13.0,129,No,No Response,0,0.0,2025-05-23,31.5,Cold,348,0.34354084095450466,34.35,Send Follow-up Email
LEAD_0197,Email Campaign,South,Education,Large,Neha,15.0,16.0,97,No,Positive,1,107337.41,2024-10-31,54.0,Cold,552,0.3351490186346514,33.51,Send Follow-up Email
LEAD_0198,Email Campaign,East,Education,Large,Neha,20.0,25.0,178,No,No Response,0,0.0,2026-03-09,77.5,Cold,58,0.298650270172991,29.87,Low Priority - Nurture
LEAD_0199,Cold Call,East,Education,Large,Priya,9.0,24.0,74,Yes,No Response,0,0.0,2024-08-24,54.0,Warm,620,0.34872890685285185,34.87,Send Follow-up Email
LEAD_0200,Website,Central,Healthcare,Large,Amit,18.0,21.0,140,No,Negative,1,50970.91,2025-01-15,67.5,Cold,476,0.4186095653015856,41.86,Send Follow-up Email
LEAD_0201,Cold Call,East,Technology,Large,Neha,2.0,11.0,114,No,No Response,1,143418.29,2025-04-22,20.5,Cold,379,0.3474147070401629,34.74,Send Follow-up Email
LEAD_0202,Cold Call,Central,Healthcare,Large,Priya,3.0,19.0,151,Yes,Positive,0,0.0,2026-01-04,34.5,Cold,122,0.328786824500815,32.88,Low Priority - Nurture
LEAD_0203,Email Campaign,South,Finance,Small,Amit,13.0,10.0,121,Yes,No Response,0,0.0,2024-06-30,41.0,Cold,675,0.3594980929594619,35.95,Send Follow-up Email
LEAD_0204,Email Campaign,South,Retail,Enterprise,Sneha,20.0,6.0,74,No,Negative,1,5751.31,2024-05-16,49.0,Warm,720,0.33298434561645834,33.3,Send Follow-up Email
LEAD_0205,LinkedIn,Central,Finance,Small,Priya,13.0,0.0,46,Yes,Negative,0,0.0,2024-09-29,26.0,Warm,584,0.43689214562080114,43.69,Re-engage Urgently
LEAD_0206,Website,North,Technology,Large,Vikram,19.0,3.0,86,No,Negative,1,32015.19,2025-08-14,42.5,Warm,265,0.38355216826421884,38.36,Send Follow-up Email
LEAD_0207,Referral,South,Education,Enterprise,Rahul,6.0,25.0,29,No,Positive,1,83778.57,2026-02-04,49.5,Hot,91,0.3362121911708059,33.62,Send Follow-up Email
LEAD_0208,Cold Call,North,Healthcare,Large,Vikram,6.0,5.0,157,No,Negative,1,99001.37,2024-07-08,19.5,Cold,667,0.33538342680681915,33.54,Send Follow-up Email
LEAD_0209,LinkedIn,West,Technology,Medium,Priya,15.0,10.0,64,Yes,Negative,0,0.0,2025-07-07,45.0,Warm,303,0.3232940205654947,32.33,Low Priority - Nurture
LEAD_0210,Referral,East,Healthcare,Large,Vikram,18.0,0.0,67,No,No Response,0,0.0,2026-04-25,36.0,Warm,11,0.36743453834515954,36.74,Send Follow-up Email
LEAD_0211,LinkedIn,West,Healthcare,Medium,Sneha,16.0,29.0,80,Yes,No Response,0,0.0,2025-02-26,75.5,Warm,434,0.3260031819764087,32.6,Low Priority - Nurture
LEAD_0212,Email Campaign,South,Finance,Medium,Sneha,4.0,14.0,156,No,Negative,1,47780.45,2024-06-09,29.0,Cold,696,0.34781717449113236,34.78,Send Follow-up Email
LEAD_0213,Email Campaign,South,Finance,Small,Vikram,14.0,16.0,93,Yes,No Response,1,137355.55,2025-09-17,52.0,Cold,231,0.3219175146043677,32.19,Low Priority - Nurture
LEAD_0214,Email Campaign,Central,Finance,Medium,Priya,10.0,27.0,134,No,Positive,0,0.0,2026-03-24,60.5,Cold,43,0.3504602104963752,35.05,Send Follow-up Email
LEAD_0215,Referral,North,Education,Enterprise,Amit,14.0,4.0,132,No,Negative,1,108953.11,2024-12-30,34.0,Cold,492,0.3587344615699459,35.87,Send Follow-up Email
LEAD_0216,Email Campaign,West,Healthcare,Small,Sneha,8.0,26.0,1,Yes,No Response,0,0.0,2026-02-17,55.0,Hot,78,0.31017768240642224,31.02,Low Priority - Nurture
LEAD_0217,Referral,East,Technology,Small,Amit,15.0,1.0,74,No,No Response,0,0.0,2024-11-19,31.5,Warm,533,0.44835832482844384,44.84,Re-engage Urgently
LEAD_0218,Referral,East,Retail,Enterprise,Sneha,12.0,0.0,175,Yes,No Response,1,116045.01,2026-05-01,24.0,Cold,5,0.33726771463680233,33.73,Send Follow-up Email
LEAD_0219,Email Campaign,West,Education,Medium,Neha,7.0,0.0,1,Yes,No Response,1,22201.81,2025-10-23,14.0,Hot,195,0.31582572149642957,31.58,Low Priority - Nurture
LEAD_0220,Email Campaign,West,Education,Enterprise,Priya,7.0,14.0,89,Yes,Negative,0,0.0,2025-12-18,35.0,Warm,139,0.26304207808581365,26.3,Low Priority - Nurture
LEAD_0221,LinkedIn,North,Retail,Small,Priya,6.0,2.0,26,Yes,Negative,0,0.0,2025-07-25,15.0,Hot,285,0.38528814904791675,38.53,Send Follow-up Email
LEAD_0222,LinkedIn,South,Technology,Enterprise,Sneha,7.0,17.0,56,Yes,Positive,0,0.0,2025-07-31,39.5,Warm,279,0.33404441163949344,33.4,Send Follow-up Email
LEAD_0223,Website,South,Education,Large,Vikram,19.0,24.0,173,No,Positive,0,0.0,2026-01-26,74.0,Cold,100,0.3332110001568808,33.32,Send Follow-up Email
LEAD_0224,Cold Call,Central,Finance,Enterprise,Rahul,8.0,1.0,143,Yes,No Response,0,0.0,2025-10-03,17.5,Cold,215,0.32010098775140367,32.01,Low Priority - Nurture
LEAD_0225,LinkedIn,East,Retail,Large,Neha,13.0,13.0,39,No,Negative,1,85598.35,2025-09-09,45.5,Warm,239,0.3663357437077082,36.63,Send Follow-up Email
LEAD_0226,Email Campaign,West,Finance,Medium,Rahul,4.0,25.0,119,Yes,No Response,0,0.0,2026-03-08,45.5,Cold,59,0.2805618413441724,28.06,Low Priority - Nurture
LEAD_0227,Referral,Central,Education,Medium,Sneha,7.0,8.0,53,No,No Response,0,0.0,2025-01-21,26.0,Warm,470,0.4467062599516398,44.67,Re-engage Urgently
LEAD_0228,Referral,East,Technology,Medium,Amit,8.0,12.0,173,Yes,Positive,0,0.0,2024-09-30,34.0,Cold,583,0.4243806435861656,42.44,Re-engage Urgently
LEAD_0229,Email Campaign,Central,Finance,Enterprise,Priya,0.0,9.0,4,Yes,Positive,0,0.0,2025-11-18,13.5,Hot,169,0.36979618162305766,36.98,Send Follow-up Email
LEAD_0230,Referral,South,Education,Medium,Sneha,7.0,17.0,83,No,Negative,1,22010.85,2024-11-07,39.5,Warm,545,0.3799986049965579,38.0,Send Follow-up Email
LEAD_0231,Website,East,Healthcare,Large,Vikram,15.0,14.0,26,No,Negative,0,0.0,2024-05-07,51.0,Hot,729,0.451036710692766,45.1,Call Immediately
LEAD_0232,Referral,North,Education,Medium,Neha,4.0,0.0,67,No,Negative,1,58752.21,2026-04-21,8.0,Warm,15,0.36307704738857544,36.31,Send Follow-up Email
LEAD_0233,Website,South,Retail,Medium,Sneha,17.0,20.0,176,No,Negative,0,0.0,2025-09-25,64.0,Cold,223,0.3507625523789476,35.08,Send Follow-up Email
LEAD_0234,Referral,West,Finance,Large,Priya,4.0,23.0,140,No,Positive,1,75850.06,2025-02-04,42.5,Cold,456,0.3491587382588456,34.92,Send Follow-up Email
LEAD_0235,LinkedIn,Central,Technology,Small,Neha,1.0,24.0,2,No,Positive,1,83609.84,2025-11-03,38.0,Hot,184,0.43683715700100756,43.68,Call Immediately
LEAD_0236,Cold Call,North,Finance,Enterprise,Rahul,1.0,19.0,164,No,No Response,1,38557.84,2025-08-27,30.5,Cold,252,0.29124426609944615,29.12,Low Priority - Nurture
LEAD_0237,LinkedIn,Central,Education,Enterprise,Amit,0.0,16.0,71,No,Positive,0,0.0,2025-04-21,24.0,Warm,380,0.39848216815543547,39.85,Send Follow-up Email
LEAD_0238,Referral,South,Technology,Small,Vikram,4.0,7.0,50,No,Negative,0,0.0,2025-12-09,18.5,Warm,148,0.3785759030829112,37.86,Send Follow-up Email
LEAD_0239,Referral,North,Healthcare,Enterprise,Sneha,18.0,7.0,179,Yes,Negative,0,0.0,2026-01-15,46.5,Cold,111,0.31128447450397195,31.13,Low Priority - Nurture
LEAD_0240,LinkedIn,North,Retail,Enterprise,Sneha,17.0,15.0,15,Yes,No Response,1,127940.73,2024-10-05,56.5,Hot,578,0.36739566184772554,36.74,Send Follow-up Email
LEAD_0241,Referral,West,Healthcare,Small,Vikram,1.0,7.0,55,No,Negative,0,0.0,2024-07-18,12.5,Warm,657,0.4047383391881944,40.47,Send Follow-up Email
LEAD_0242,LinkedIn,East,Education,Small,Priya,10.0,0.0,54,Yes,No Response,0,0.0,2024-12-22,20.0,Warm,500,0.4171781932892273,41.72,Send Follow-up Email
LEAD_0243,Website,South,Education,Medium,Vikram,12.0,21.0,139,No,Negative,1,139686.87,2024-06-10,55.5,Cold,695,0.39765365807496783,39.77,Send Follow-up Email
LEAD_0244,LinkedIn,Central,Healthcare,Small,Amit,13.0,7.0,20,No,No Response,1,25292.84,2025-07-16,36.5,Hot,294,0.4278279572304043,42.78,Call Immediately
LEAD_0245,Referral,East,Technology,Large,Sneha,15.0,7.0,92,No,Negative,1,143454.47,2024-07-26,40.5,Cold,649,0.4183500015389523,41.84,Send Follow-up Email
LEAD_0246,Email Campaign,West,Technology,Large,Priya,2.0,2.0,69,Yes,Negative,0,0.0,2025-03-01,7.0,Warm,431,0.31733255198050525,31.73,Low Priority - Nurture
LEAD_0247,Referral,East,Healthcare,Small,Amit,0.0,30.0,79,No,Negative,1,96915.63,2025-10-07,45.0,Warm,211,0.40456503775066327,40.46,Send Follow-up Email
LEAD_0248,LinkedIn,South,Retail,Enterprise,Vikram,17.0,16.0,105,Yes,Positive,1,19823.56,2024-09-29,58.0,Cold,584,0.341977633623934,34.2,Send Follow-up Email
LEAD_0249,Email Campaign,North,Education,Large,Sneha,0.0,9.0,106,No,Positive,0,0.0,2025-11-11,13.5,Cold,176,0.33428492931197595,33.43,Send Follow-up Email
LEAD_0250,Cold Call,Central,Education,Medium,Neha,12.0,5.0,36,No,Negative,1,86132.8,2025-09-30,31.5,Warm,218,0.35398614411190954,35.4,Send Follow-up Email
LEAD_0251,Cold Call,North,Finance,Enterprise,Rahul,13.0,9.0,124,Yes,Negative,0,0.0,2024-05-07,39.5,Cold,729,0.31830820643160607,31.83,Low Priority - Nurture
LEAD_0252,Cold Call,West,Education,Medium,Sneha,3.0,4.0,78,Yes,Negative,0,0.0,2026-05-05,12.0,Warm,1,0.2656652791154094,26.57,Low Priority - Nurture
LEAD_0253,Email Campaign,West,Healthcare,Enterprise,Rahul,13.0,26.0,167,Yes,Negative,0,0.0,2025-08-02,65.0,Cold,277,0.256826300792808,25.68,Low Priority - Nurture
LEAD_0254,Cold Call,West,Healthcare,Medium,Sneha,10.0,9.0,178,No,No Response,0,0.0,2026-02-20,33.5,Cold,75,0.26498315311700277,26.5,Low Priority - Nurture
LEAD_0255,Website,West,Healthcare,Small,Vikram,6.0,18.0,140,Yes,No Response,1,52253.5,2025-01-23,39.0,Cold,468,0.3839199645258546,38.39,Send Follow-up Email
LEAD_0256,Referral,South,Retail,Large,Neha,2.0,26.0,105,No,Positive,1,8902.84,2025-10-31,43.0,Cold,187,0.35366264869887326,35.37,Send Follow-up Email
LEAD_0257,Cold Call,East,Finance,Enterprise,Sneha,2.0,14.0,154,No,No Response,0,0.0,2026-03-23,25.0,Cold,44,0.29321437578316345,29.32,Low Priority - Nurture
LEAD_0258,Email Campaign,West,Education,Small,Rahul,17.0,19.0,164,Yes,Positive,0,0.0,2026-05-04,62.5,Cold,2,0.27719166588686217,27.72,Low Priority - Nurture
LEAD_0259,Website,South,Education,Small,Vikram,20.0,21.0,166,No,No Response,1,100352.24,2024-10-19,71.5,Cold,564,0.3941395097952334,39.41,Send Follow-up Email
LEAD_0260,LinkedIn,North,Healthcare,Medium,Vikram,16.0,17.0,149,Yes,Negative,1,67416.05,2025-05-27,57.5,Cold,344,0.33882421141718017,33.88,Send Follow-up Email
LEAD_0261,Referral,Central,Education,Medium,Rahul,0.0,15.0,27,No,Negative,0,0.0,2025-07-10,22.5,Hot,300,0.43041235251156706,43.04,Call Immediately
LEAD_0262,Cold Call,East,Healthcare,Large,Sneha,6.0,16.0,124,No,Negative,1,17448.95,2024-09-22,36.0,Cold,591,0.34684823422447947,34.68,Send Follow-up Email
LEAD_0263,Referral,East,Technology,Large,Amit,3.0,0.0,88,Yes,No Response,0,0.0,2024-10-31,6.0,Warm,552,0.42601116228129376,42.6,Re-engage Urgently
LEAD_0264,Cold Call,Central,Finance,Medium,Rahul,17.0,13.0,119,Yes,Negative,1,139838.75,2024-07-10,53.5,Cold,665,0.3675945878165962,36.76,Send Follow-up Email
LEAD_0265,Cold Call,West,Retail,Small,Neha,19.0,28.0,51,No,No Response,0,0.0,2026-04-27,80.0,Warm,9,0.2771583180880344,27.72,Low Priority - Nurture
LEAD_0266,LinkedIn,South,Finance,Large,Neha,2.0,18.0,27,Yes,Negative,0,0.0,2025-10-17,31.0,Hot,201,0.3270710245558989,32.71,Low Priority - Nurture
LEAD_0267,Referral,North,Healthcare,Enterprise,Vikram,20.0,10.0,153,No,No Response,0,0.0,2024-10-04,55.0,Cold,579,0.3669102958506527,36.69,Send Follow-up Email
LEAD_0268,LinkedIn,East,Healthcare,Enterprise,Vikram,5.0,26.0,173,No,No Response,0,0.0,2026-04-06,49.0,Cold,30,0.3197944736881989,31.98,Low Priority - Nurture
LEAD_0269,Cold Call,East,Technology,Medium,Rahul,3.0,5.0,96,Yes,No Response,0,0.0,2025-08-30,13.5,Cold,249,0.34691793840041657,34.69,Send Follow-up Email
LEAD_0270,Email Campaign,South,Education,Enterprise,Sneha,5.0,15.0,163,Yes,No Response,0,0.0,2024-12-26,32.5,Cold,496,0.3035557452964395,30.36,Low Priority - Nurture
LEAD_0271,Website,South,Finance,Large,Sneha,19.0,1.0,92,Yes,Negative,0,0.0,2024-05-07,39.5,Cold,729,0.39468949197776343,39.47,Send Follow-up Email
LEAD_0272,Referral,Central,Education,Enterprise,Sneha,15.0,13.0,114,No,Positive,0,0.0,2024-09-19,49.5,Cold,594,0.41867213437918205,41.87,Send Follow-up Email
LEAD_0273,LinkedIn,South,Healthcare,Small,Rahul,7.0,17.0,74,Yes,Negative,0,0.0,2025-04-10,39.5,Warm,391,0.3585608471398079,35.86,Send Follow-up Email
LEAD_0274,Referral,Central,Education,Small,Vikram,3.0,8.0,140,No,No Response,0,0.0,2024-09-15,18.0,Cold,598,0.4602819748782141,46.03,Re-engage Urgently
LEAD_0275,Referral,Central,Finance,Enterprise,Amit,20.0,24.0,64,No,Positive,1,11033.53,2024-08-23,76.0,Warm,621,0.42274031451122557,42.27,Re-engage Urgently
LEAD_0276,Website,North,Retail,Small,Priya,6.0,25.0,151,No,No Response,0,0.0,2024-08-08,49.5,Cold,636,0.44077257260485286,44.08,Re-engage Urgently
LEAD_0277,Referral,South,Education,Medium,Priya,6.0,25.0,16,No,No Response,0,0.0,2025-02-04,49.5,Hot,456,0.3887808708748062,38.88,Send Follow-up Email
LEAD_0278,Email Campaign,South,Healthcare,Large,Rahul,18.0,8.0,132,Yes,Positive,0,0.0,2024-08-13,48.0,Cold,631,0.33516629300513195,33.52,Send Follow-up Email
LEAD_0279,LinkedIn,East,Finance,Medium,Priya,4.0,22.0,83,Yes,No Response,1,118925.2,2024-11-19,41.0,Warm,533,0.39949765820133265,39.95,Send Follow-up Email
LEAD_0280,Cold Call,Central,Healthcare,Enterprise,Sneha,14.0,2.0,163,Yes,Negative,0,0.0,2024-08-13,31.0,Cold,631,0.34179849922387817,34.18,Send Follow-up Email
LEAD_0281,Website,East,Retail,Enterprise,Rahul,18.0,0.0,24,No,No Response,0,0.0,2026-03-15,36.0,Hot,52,0.38818577480468314,38.82,Send Follow-up Email
LEAD_0282,LinkedIn,Central,Retail,Medium,Sneha,6.0,15.0,69,No,Negative,1,56942.3,2025-03-12,34.5,Warm,420,0.4146422397368864,41.46,Send Follow-up Email
LEAD_0283,Email Campaign,South,Education,Enterprise,Rahul,1.0,1.0,26,No,Positive,0,0.0,2026-01-20,3.5,Hot,106,0.31511522699310973,31.51,Low Priority - Nurture
LEAD_0284,Cold Call,West,Retail,Small,Sneha,6.0,22.0,34,No,Positive,0,0.0,2025-04-06,45.0,Warm,395,0.3317952798748341,33.18,Send Follow-up Email
LEAD_0285,LinkedIn,East,Healthcare,Small,Rahul,20.0,5.0,14,No,No Response,1,132106.28,2025-01-09,47.5,Hot,482,0.42222592502861955,42.22,Call Immediately
LEAD_0286,Cold Call,West,Technology,Small,Amit,6.0,0.0,20,Yes,No Response,0,0.0,2024-07-03,12.0,Hot,672,0.35662393336043796,35.66,Send Follow-up Email
LEAD_0287,Referral,North,Technology,Large,Amit,13.0,22.0,34,No,Positive,0,0.0,2025-12-10,59.0,Warm,147,0.3743253549440735,37.43,Send Follow-up Email
LEAD_0288,LinkedIn,North,Technology,Large,Rahul,9.0,4.0,98,Yes,No Response,0,0.0,2025-12-16,24.0,Cold,141,0.34093184091053214,34.09,Send Follow-up Email
LEAD_0289,Email Campaign,Central,Technology,Medium,Sneha,11.0,23.0,55,Yes,Negative,1,25713.69,2025-01-25,56.5,Warm,466,0.3883271076661376,38.83,Send Follow-up Email
LEAD_0290,Referral,South,Technology,Small,Priya,3.0,18.0,99,No,Negative,0,0.0,2025-11-19,33.0,Cold,168,0.36772830171255194,36.77,Send Follow-up Email
LEAD_0291,Cold Call,South,Healthcare,Small,Priya,17.0,19.0,154,No,No Response,0,0.0,2025-10-06,62.5,Cold,212,0.29654204199315826,29.65,Low Priority - Nurture
LEAD_0292,Website,South,Education,Medium,Neha,12.0,9.0,166,Yes,Positive,0,0.0,2025-01-09,37.5,Cold,482,0.38790254866762247,38.79,Send Follow-up Email
LEAD_0293,LinkedIn,South,Retail,Small,Vikram,0.0,11.0,82,Yes,Negative,0,0.0,2025-09-18,16.5,Warm,230,0.35392433959871417,35.39,Send Follow-up Email
LEAD_0294,Website,Central,Finance,Enterprise,Amit,0.0,18.0,18,Yes,Negative,1,87415.16,2024-09-11,27.0,Hot,602,0.44930947491458495,44.93,Call Immediately
LEAD_0295,LinkedIn,West,Education,Large,Neha,16.0,24.0,107,No,No Response,0,0.0,2024-08-17,68.0,Cold,627,0.33004606349895704,33.0,Send Follow-up Email
LEAD_0296,Email Campaign,Central,Education,Medium,Rahul,2.0,9.0,21,Yes,Positive,0,0.0,2024-09-17,17.5,Hot,596,0.4285403620067725,42.85,Call Immediately
LEAD_0297,Referral,Central,Technology,Large,Neha,13.0,23.0,62,Yes,Positive,0,0.0,2025-04-22,60.5,Warm,379,0.4208646228791261,42.09,Re-engage Urgently
LEAD_0298,Referral,North,Retail,Small,Rahul,5.0,3.0,4,Yes,No Response,0,0.0,2025-01-04,14.5,Hot,487,0.43738764648931694,43.74,Call Immediately
LEAD_0299,Referral,East,Education,Large,Priya,11.0,4.0,69,Yes,Positive,0,0.0,2025-01-22,28.0,Warm,469,0.41092491687785104,41.09,Send Follow-up Email
LEAD_0300,Referral,East,Education,Small,Rahul,18.0,20.0,20,No,Negative,0,0.0,2024-09-22,66.0,Hot,591,0.4343448220144658,43.43,Call Immediately
LEAD_0301,LinkedIn,West,Education,Medium,Rahul,5.0,8.0,27,Yes,Positive,0,0.0,2025-06-19,22.0,Hot,321,0.3468583893337298,34.69,Send Follow-up Email
LEAD_0302,LinkedIn,South,Technology,Enterprise,Rahul,12.0,29.0,39,Yes,Positive,1,5372.43,2025-04-25,67.5,Warm,376,0.33576791444274956,33.58,Send Follow-up Email
LEAD_0303,Referral,South,Healthcare,Medium,Sneha,10.0,8.0,20,No,Positive,0,0.0,2026-05-02,32.0,Hot,4,0.3631357075448794,36.31,Send Follow-up Email
LEAD_0304,LinkedIn,South,Finance,Small,Sneha,2.0,28.0,120,No,Negative,0,0.0,2025-12-09,46.0,Cold,148,0.3329801491047693,33.3,Send Follow-up Email
LEAD_0305,Email Campaign,West,Technology,Large,Priya,9.0,18.0,78,Yes,Negative,0,0.0,2025-03-12,45.0,Warm,420,0.3025019824638366,30.25,Low Priority - Nurture
LEAD_0306,Referral,South,Education,Medium,Priya,0.0,29.0,105,Yes,No Response,0,0.0,2026-04-15,43.5,Cold,21,0.3317588564086448,33.18,Send Follow-up Email
LEAD_0307,LinkedIn,East,Technology,Enterprise,Neha,9.0,3.0,53,Yes,Negative,0,0.0,2025-02-17,22.5,Warm,443,0.3736925049172781,37.37,Send Follow-up Email
LEAD_0308,LinkedIn,South,Healthcare,Small,Amit,7.0,28.0,134,No,No Response,0,0.0,2025-07-16,56.0,Cold,294,0.3486103676416948,34.86,Send Follow-up Email
LEAD_0309,LinkedIn,Central,Technology,Medium,Neha,12.0,2.0,152,Yes,Negative,1,71476.41,2025-01-28,27.0,Cold,463,0.39981138705188524,39.98,Send Follow-up Email
LEAD_0310,Website,East,Healthcare,Enterprise,Neha,10.0,10.0,116,No,Positive,1,23952.7,2026-01-26,35.0,Cold,100,0.38466824895841356,38.47,Send Follow-up Email
LEAD_0311,Cold Call,South,Education,Small,Priya,3.0,5.0,116,No,Negative,0,0.0,2025-10-06,13.5,Cold,212,0.30877180401296017,30.88,Low Priority - Nurture
LEAD_0312,Email Campaign,East,Finance,Enterprise,Rahul,14.0,8.0,31,Yes,Positive,0,0.0,2025-07-28,40.0,Warm,282,0.34543350184227456,34.54,Send Follow-up Email
LEAD_0313,Email Campaign,North,Finance,Large,Priya,2.0,22.0,64,No,Negative,1,49111.17,2025-04-10,37.0,Warm,391,0.3399501762218115,34.0,Send Follow-up Email
LEAD_0314,Website,East,Finance,Small,Sneha,14.0,17.0,141,Yes,Positive,0,0.0,2025-01-03,53.5,Cold,488,0.4403203275798916,44.03,Re-engage Urgently
LEAD_0315,Cold Call,North,Technology,Small,Priya,4.0,6.0,103,No,No Response,0,0.0,2024-11-19,17.0,Cold,533,0.37088379729706916,37.09,Send Follow-up Email
LEAD_0316,LinkedIn,Central,Education,Large,Amit,0.0,2.0,51,No,Positive,0,0.0,2025-08-05,3.0,Warm,274,0.4118397003229378,41.18,Send Follow-up Email
LEAD_0317,Website,North,Technology,Enterprise,Amit,5.0,29.0,147,No,No Response,0,0.0,2024-11-11,53.5,Cold,541,0.3941279331860944,39.41,Send Follow-up Email
LEAD_0318,LinkedIn,West,Retail,Medium,Rahul,6.0,29.0,48,No,Negative,0,0.0,2024-10-24,55.5,Warm,559,0.35183785470461243,35.18,Send Follow-up Email
LEAD_0319,Cold Call,North,Education,Medium,Neha,9.0,15.0,106,No,Positive,0,0.0,2025-02-19,40.5,Cold,441,0.340071684596195,34.01,Send Follow-up Email
LEAD_0320,Referral,South,Retail,Medium,Neha,16.0,7.0,162,Yes,Negative,0,0.0,2024-05-15,42.5,Cold,721,0.3787985398676433,37.88,Send Follow-up Email
LEAD_0321,Email Campaign,West,Healthcare,Large,Sneha,8.0,5.0,7,No,No Response,1,57071.26,2025-08-22,23.5,Hot,257,0.3153788889138699,31.54,Low Priority - Nurture
LEAD_0322,Website,North,Retail,Large,Vikram,7.0,5.0,26,Yes,No Response,0,0.0,2024-07-05,21.5,Hot,670,0.4420944971427071,44.21,Call Immediately
LEAD_0323,Email Campaign,North,Finance,Enterprise,Rahul,5.0,5.0,61,No,No Response,0,0.0,2024-08-31,17.5,Warm,613,0.3601039017487951,36.01,Send Follow-up Email
LEAD_0324,LinkedIn,East,Education,Medium,Vikram,6.0,26.0,127,No,Positive,1,137527.1,2024-05-12,51.0,Cold,724,0.4180645475376783,41.81,Send Follow-up Email
LEAD_0325,LinkedIn,North,Finance,Medium,Amit,16.0,0.0,1,No,No Response,0,0.0,2024-06-27,32.0,Hot,678,0.41493565889860556,41.49,Send Follow-up Email
LEAD_0326,Cold Call,East,Finance,Large,Amit,0.0,4.0,151,Yes,Positive,0,0.0,2025-10-13,6.0,Cold,205,0.325783170588865,32.58,Low Priority - Nurture
LEAD_0327,LinkedIn,East,Retail,Small,Rahul,9.0,10.0,35,Yes,No Response,1,129797.07,2025-03-29,33.0,Warm,403,0.4146482476020695,41.46,Send Follow-up Email
LEAD_0328,Referral,East,Finance,Large,Priya,18.0,0.0,45,No,Negative,1,119817.17,2025-04-29,36.0,Warm,372,0.3943864328037055,39.44,Send Follow-up Email
LEAD_0329,Cold Call,North,Education,Enterprise,Vikram,1.0,5.0,155,No,No Response,1,47705.0,2025-01-22,9.5,Cold,469,0.31421415391389934,31.42,Low Priority - Nurture
LEAD_0330,Email Campaign,North,Retail,Medium,Rahul,2.0,7.0,89,No,Positive,0,0.0,2025-12-15,14.5,Warm,142,0.35203330326589793,35.2,Send Follow-up Email
LEAD_0331,LinkedIn,East,Retail,Small,Rahul,6.0,7.0,178,Yes,Negative,0,0.0,2024-07-01,22.5,Cold,674,0.41045167806144855,41.05,Send Follow-up Email
LEAD_0332,LinkedIn,North,Technology,Enterprise,Sneha,13.0,5.0,106,No,Negative,0,0.0,2026-01-04,33.5,Cold,122,0.3207252390988748,32.07,Low Priority - Nurture
LEAD_0333,Referral,North,Retail,Medium,Priya,14.0,2.0,9,No,Positive,0,0.0,2025-07-10,31.0,Hot,300,0.41205361999374374,41.21,Send Follow-up Email
LEAD_0334,LinkedIn,North,Healthcare,Medium,Sneha,5.0,23.0,20,Yes,Negative,0,0.0,2024-12-18,44.5,Hot,504,0.38264661898998664,38.26,Send Follow-up Email
LEAD_0335,Email Campaign,West,Technology,Enterprise,Neha,5.0,19.0,112,Yes,Positive,0,0.0,2024-05-25,38.5,Cold,711,0.32692430604831263,32.69,Low Priority - Nurture
LEAD_0336,Cold Call,South,Retail,Large,Neha,9.0,9.0,61,Yes,Positive,0,0.0,2025-08-25,31.5,Warm,254,0.3055670657108296,30.56,Low Priority - Nurture
LEAD_0337,Email Campaign,West,Finance,Small,Rahul,0.0,0.0,23,No,No Response,0,0.0,2025-11-08,0.0,Hot,179,0.33692970706018655,33.69,Send Follow-up Email
LEAD_0338,Referral,South,Technology,Small,Priya,5.0,20.0,75,Yes,Negative,0,0.0,2024-08-15,40.0,Warm,629,0.4052763478793501,40.53,Send Follow-up Email
LEAD_0339,Referral,West,Retail,Large,Amit,20.0,17.0,100,Yes,Negative,1,49711.24,2024-06-04,65.5,Cold,701,0.3491603452979552,34.92,Send Follow-up Email
LEAD_0340,Referral,North,Healthcare,Enterprise,Sneha,8.0,7.0,69,Yes,Positive,1,58563.24,2025-08-25,26.5,Warm,254,0.36570912044897325,36.57,Send Follow-up Email
LEAD_0341,LinkedIn,East,Education,Enterprise,Vikram,7.0,17.0,16,No,No Response,1,101782.93,2025-08-30,39.5,Hot,249,0.3632696430361221,36.33,Send Follow-up Email
LEAD_0342,Email Campaign,West,Education,Medium,Sneha,9.0,2.0,102,Yes,No Response,0,0.0,2024-08-18,21.0,Cold,626,0.3334603835344668,33.35,Send Follow-up Email
LEAD_0343,Email Campaign,Central,Education,Medium,Amit,14.0,5.0,43,Yes,Positive,0,0.0,2026-03-04,35.5,Warm,63,0.3656698384199921,36.57,Send Follow-up Email
LEAD_0344,Referral,North,Retail,Medium,Neha,4.0,26.0,153,No,Negative,0,0.0,2025-08-23,47.0,Cold,256,0.3648272570371849,36.48,Send Follow-up Email
LEAD_0345,LinkedIn,North,Retail,Enterprise,Vikram,10.0,27.0,71,No,Positive,1,137555.22,2024-07-02,60.5,Warm,673,0.38134498723674953,38.13,Send Follow-up Email
LEAD_0346,Email Campaign,West,Technology,Enterprise,Priya,4.0,18.0,151,Yes,Positive,1,95343.4,2025-04-03,35.0,Cold,398,0.29579805686472854,29.58,Low Priority - Nurture
LEAD_0347,LinkedIn,East,Education,Large,Sneha,8.0,12.0,168,No,No Response,0,0.0,2024-10-14,34.0,Cold,569,0.3798547718378714,37.99,Send Follow-up Email
LEAD_0348,LinkedIn,South,Healthcare,Enterprise,Priya,19.0,19.0,175,No,Positive,0,0.0,2025-04-04,66.5,Cold,397,0.3152774467914498,31.53,Low Priority - Nurture
LEAD_0349,Website,South,Technology,Enterprise,Rahul,11.0,0.0,87,No,Negative,0,0.0,2024-06-01,22.0,Warm,704,0.4015331399890806,40.15,Send Follow-up Email
LEAD_0350,Referral,North,Finance,Medium,Rahul,14.0,24.0,83,No,No Response,0,0.0,2025-03-06,64.0,Warm,426,0.3877404913884562,38.77,Send Follow-up Email
LEAD_0351,LinkedIn,South,Retail,Medium,Sneha,15.0,0.0,133,No,Positive,0,0.0,2024-08-04,30.0,Cold,640,0.3826353892446443,38.26,Send Follow-up Email
LEAD_0352,Cold Call,North,Healthcare,Enterprise,Priya,16.0,28.0,146,Yes,Positive,0,0.0,2026-03-22,74.0,Cold,45,0.26560738570459197,26.56,Low Priority - Nurture
LEAD_0353,Cold Call,North,Finance,Small,Sneha,1.0,29.0,93,Yes,Negative,0,0.0,2025-08-11,45.5,Cold,268,0.3216505690465168,32.17,Low Priority - Nurture
LEAD_0354,Referral,Central,Retail,Small,Neha,0.0,7.0,96,No,No Response,0,0.0,2024-12-21,10.5,Cold,501,0.46960014791232746,46.96,Re-engage Urgently
LEAD_0355,Referral,Central,Education,Large,Rahul,5.0,26.0,67,Yes,Negative,0,0.0,2025-01-22,49.0,Warm,469,0.40924614860186076,40.92,Send Follow-up Email
LEAD_0356,LinkedIn,South,Education,Medium,Priya,20.0,7.0,174,Yes,Negative,0,0.0,2024-09-17,50.5,Cold,596,0.3358955332014796,33.59,Send Follow-up Email
LEAD_0357,LinkedIn,West,Finance,Medium,Vikram,0.0,7.0,65,No,No Response,1,79425.78,2026-03-15,10.5,Warm,52,0.32279733000098615,32.28,Low Priority - Nurture
LEAD_0358,Referral,West,Healthcare,Enterprise,Rahul,0.0,14.0,78,No,No Response,1,98197.35,2024-12-28,21.0,Warm,494,0.3528311784275683,35.28,Send Follow-up Email
LEAD_0359,Email Campaign,East,Education,Large,Rahul,3.0,15.0,17,No,Negative,0,0.0,2025-09-14,28.5,Hot,234,0.3515884833578739,35.16,Send Follow-up Email
LEAD_0360,Website,East,Healthcare,Medium,Priya,16.0,24.0,62,Yes,No Response,0,0.0,2024-11-17,68.0,Warm,535,0.4348906093041248,43.49,Re-engage Urgently
LEAD_0361,Website,South,Technology,Enterprise,Rahul,8.0,29.0,108,No,Negative,0,0.0,2026-03-07,59.5,Cold,60,0.3295688169556815,32.96,Low Priority - Nurture
LEAD_0362,Email Campaign,South,Healthcare,Medium,Neha,17.0,20.0,122,No,No Response,1,89538.44,2024-07-21,64.0,Cold,654,0.3454466347583483,34.54,Send Follow-up Email
LEAD_0363,Cold Call,Central,Finance,Large,Amit,15.0,4.0,67,Yes,No Response,0,0.0,2024-08-06,36.0,Warm,638,0.37514490138340684,37.51,Send Follow-up Email
LEAD_0364,Cold Call,East,Finance,Large,Sneha,10.0,11.0,67,No,Negative,1,99893.02,2024-06-01,36.5,Warm,704,0.36316861304103976,36.32,Send Follow-up Email
LEAD_0365,Email Campaign,Central,Education,Small,Sneha,6.0,16.0,31,No,No Response,1,73227.8,2024-09-14,36.0,Warm,599,0.4317835227977396,43.18,Call Immediately
LEAD_0366,LinkedIn,South,Finance,Medium,Rahul,13.0,18.0,118,Yes,Negative,0,0.0,2024-11-27,53.0,Cold,525,0.3425765633237867,34.26,Send Follow-up Email
LEAD_0367,LinkedIn,West,Healthcare,Medium,Rahul,20.0,1.0,2,No,Negative,1,31151.73,2025-10-19,41.5,Hot,199,0.32597357965609275,32.6,Low Priority - Nurture
LEAD_0368,Cold Call,Central,Finance,Enterprise,Amit,4.0,19.0,112,No,Negative,0,0.0,2026-01-29,36.5,Cold,97,0.30977489516575224,30.98,Low Priority - Nurture
LEAD_0369,Referral,West,Technology,Small,Vikram,6.0,23.0,96,Yes,Negative,0,0.0,2025-04-12,46.5,Cold,389,0.3590142413094377,35.9,Send Follow-up Email
LEAD_0370,LinkedIn,North,Finance,Medium,Neha,11.0,9.0,34,Yes,Negative,1,81999.9,2025-09-18,35.5,Warm,230,0.3540529379974545,35.41,Send Follow-up Email
LEAD_0371,Website,South,Technology,Small,Rahul,9.0,14.0,134,No,No Response,0,0.0,2025-12-30,39.0,Cold,127,0.3818980850983597,38.19,Send Follow-up Email
LEAD_0372,Website,West,Healthcare,Medium,Priya,12.0,0.0,59,Yes,No Response,1,149343.5,2025-03-10,24.0,Warm,422,0.3838671701648163,38.39,Send Follow-up Email
LEAD_0373,LinkedIn,Central,Education,Medium,Amit,11.0,22.0,167,Yes,Negative,1,35622.58,2024-11-07,55.0,Cold,545,0.38731184860169715,38.73,Send Follow-up Email
LEAD_0374,Email Campaign,Central,Technology,Small,Neha,3.0,20.0,6,Yes,No Response,1,42089.43,2025-05-22,36.0,Hot,349,0.4161859672616737,41.62,Send Follow-up Email
LEAD_0375,Referral,West,Technology,Large,Sneha,4.0,6.0,178,Yes,Negative,0,0.0,2025-01-20,17.0,Cold,471,0.33682091719597274,33.68,Send Follow-up Email
LEAD_0376,LinkedIn,Central,Healthcare,Medium,Sneha,3.0,16.0,159,Yes,Negative,0,0.0,2024-08-31,30.0,Cold,613,0.40993061456837104,40.99,Send Follow-up Email
LEAD_0377,LinkedIn,West,Finance,Medium,Rahul,16.0,6.0,92,No,Negative,0,0.0,2025-06-12,41.0,Cold,328,0.3214051537434053,32.14,Low Priority - Nurture
LEAD_0378,Email Campaign,West,Finance,Enterprise,Rahul,7.0,0.0,4,Yes,Positive,0,0.0,2024-10-14,14.0,Hot,569,0.3326925130912609,33.27,Send Follow-up Email
LEAD_0379,Cold Call,North,Education,Small,Neha,3.0,28.0,66,Yes,Negative,1,102008.18,2024-10-07,48.0,Warm,576,0.3494552785717546,34.95,Send Follow-up Email
LEAD_0380,Referral,North,Technology,Medium,Amit,9.0,11.0,174,No,Negative,1,47923.22,2025-09-30,34.5,Cold,218,0.3621937918097676,36.22,Send Follow-up Email
LEAD_0381,LinkedIn,North,Finance,Medium,Rahul,11.0,28.0,113,No,No Response,1,18774.78,2025-05-26,64.0,Cold,345,0.3561706388615989,35.62,Send Follow-up Email
LEAD_0382,Website,South,Technology,Enterprise,Sneha,14.0,8.0,99,No,Negative,0,0.0,2025-11-29,40.0,Cold,158,0.3434676871609774,34.35,Send Follow-up Email
LEAD_0383,Cold Call,North,Finance,Small,Priya,3.0,13.0,152,No,No Response,0,0.0,2024-11-28,25.5,Cold,524,0.35275444413347307,35.28,Send Follow-up Email
LEAD_0384,Referral,East,Education,Small,Neha,4.0,15.0,125,Yes,Negative,1,31282.78,2026-03-11,30.5,Cold,56,0.3742024388603559,37.42,Send Follow-up Email
LEAD_0385,LinkedIn,East,Healthcare,Small,Neha,0.0,24.0,148,Yes,No Response,0,0.0,2024-11-18,36.0,Cold,534,0.4061074154176787,40.61,Send Follow-up Email
LEAD_0386,Email Campaign,North,Retail,Medium,Sneha,11.0,21.0,174,No,Positive,1,80269.45,2024-12-09,53.5,Cold,513,0.35626693280900334,35.63,Send Follow-up Email
LEAD_0387,Email Campaign,North,Technology,Medium,Vikram,15.0,27.0,127,Yes,Positive,1,85959.91,2024-11-09,70.5,Cold,543,0.3566920037562047,35.67,Send Follow-up Email
LEAD_0388,Website,East,Technology,Medium,Vikram,20.0,12.0,104,Yes,Positive,1,51491.9,2025-05-27,58.0,Cold,344,0.423646766616504,42.36,Re-engage Urgently
LEAD_0389,Email Campaign,West,Technology,Enterprise,Sneha,10.0,3.0,128,Yes,Positive,0,0.0,2026-02-06,24.5,Cold,89,0.27592831793055167,27.59,Low Priority - Nurture
LEAD_0390,LinkedIn,Central,Education,Small,Amit,19.0,0.0,159,No,No Response,0,0.0,2025-12-29,38.0,Cold,128,0.3802689891707198,38.03,Send Follow-up Email
LEAD_0391,Referral,East,Healthcare,Small,Priya,14.0,10.0,144,No,No Response,0,0.0,2026-01-28,43.0,Cold,98,0.3865640284835001,38.66,Send Follow-up Email
LEAD_0392,LinkedIn,North,Finance,Small,Rahul,11.0,26.0,163,No,No Response,1,108807.46,2025-12-07,61.0,Cold,150,0.34366830130199183,34.37,Send Follow-up Email
LEAD_0393,LinkedIn,North,Finance,Enterprise,Priya,13.0,3.0,66,Yes,Positive,0,0.0,2025-12-25,30.5,Warm,132,0.33130086189694125,33.13,Send Follow-up Email
LEAD_0394,Referral,South,Retail,Medium,Neha,10.0,3.0,107,Yes,No Response,0,0.0,2025-07-01,24.5,Cold,309,0.36597525810065795,36.6,Send Follow-up Email
LEAD_0395,Referral,West,Education,Medium,Sneha,0.0,16.0,13,No,No Response,1,90377.61,2026-02-25,24.0,Hot,70,0.3459586206296516,34.6,Send Follow-up Email
LEAD_0396,Email Campaign,South,Education,Medium,Neha,4.0,3.0,100,No,No Response,0,0.0,2024-10-31,12.5,Cold,552,0.3548547157641785,35.49,Send Follow-up Email
LEAD_0397,Email Campaign,South,Healthcare,Enterprise,Rahul,9.0,14.0,35,Yes,Negative,1,65706.39,2024-09-30,39.0,Warm,583,0.32555155502670813,32.56,Low Priority - Nurture
LEAD_0398,Email Campaign,East,Education,Large,Neha,0.0,20.0,56,Yes,Positive,0,0.0,2025-05-09,30.0,Warm,362,0.3657577300717288,36.58,Send Follow-up Email
LEAD_0399,Website,East,Finance,Medium,Vikram,17.0,22.0,164,No,No Response,0,0.0,2025-04-30,67.0,Cold,371,0.4050613503020348,40.51,Send Follow-up Email
LEAD_0400,Website,Central,Retail,Enterprise,Neha,17.0,9.0,109,Yes,No Response,0,0.0,2024-10-06,47.5,Cold,577,0.430959551727333,43.1,Re-engage Urgently
LEAD_0401,Referral,South,Technology,Small,Priya,8.0,24.0,42,No,No Response,0,0.0,2025-01-01,52.0,Warm,490,0.40809778057652873,40.81,Send Follow-up Email
LEAD_0402,LinkedIn,East,Finance,Small,Rahul,14.0,3.0,158,Yes,No Response,0,0.0,2025-10-21,32.5,Cold,197,0.36768611982071014,36.77,Send Follow-up Email
LEAD_0403,Referral,South,Education,Large,Neha,1.0,29.0,98,No,Negative,0,0.0,2024-11-02,45.5,Cold,550,0.36510070750041246,36.51,Send Follow-up Email
LEAD_0404,Website,Central,Technology,Small,Neha,8.0,6.0,159,No,Positive,1,146494.29,2024-10-08,25.0,Cold,575,0.4896118717991604,48.96,Re-engage Urgently
LEAD_0405,Website,Central,Education,Medium,Neha,6.0,9.0,115,Yes,No Response,1,107171.21,2025-11-25,25.5,Cold,162,0.42051526445282483,42.05,Re-engage Urgently
LEAD_0406,Cold Call,Central,Technology,Enterprise,Amit,13.0,8.0,143,No,Positive,0,0.0,2025-07-05,38.0,Cold,305,0.34024995057855073,34.02,Send Follow-up Email
LEAD_0407,Website,North,Healthcare,Enterprise,Neha,0.0,1.0,40,No,No Response,0,0.0,2025-11-06,1.5,Warm,181,0.39287548198951205,39.29,Send Follow-up Email
LEAD_0408,Email Campaign,East,Retail,Large,Amit,10.0,16.0,57,Yes,No Response,0,0.0,2024-05-23,44.0,Warm,713,0.3892838127420767,38.93,Send Follow-up Email
LEAD_0409,Email Campaign,South,Retail,Enterprise,Amit,0.0,7.0,55,No,Negative,0,0.0,2025-02-06,10.5,Warm,454,0.3300338875761274,33.0,Send Follow-up Email
LEAD_0410,Cold Call,Central,Education,Enterprise,Vikram,20.0,0.0,30,No,Negative,0,0.0,2025-12-01,40.0,Hot,156,0.32043136547309364,32.04,Low Priority - Nurture
LEAD_0411,Email Campaign,Central,Finance,Small,Neha,10.0,12.0,30,No,Negative,0,0.0,2026-01-12,38.0,Hot,114,0.37891897232556343,37.89,Send Follow-up Email
LEAD_0412,Website,North,Education,Large,Vikram,16.0,0.0,125,Yes,Negative,0,0.0,2024-12-07,32.0,Cold,515,0.38831835581561297,38.83,Send Follow-up Email
LEAD_0413,Email Campaign,North,Technology,Medium,Vikram,17.0,0.0,161,Yes,Positive,1,32914.3,2025-07-25,34.0,Cold,285,0.3382507803374531,33.83,Send Follow-up Email
LEAD_0414,Referral,North,Finance,Enterprise,Neha,2.0,23.0,176,Yes,Positive,1,117169.43,2025-09-13,38.5,Cold,235,0.3417626808300948,34.18,Send Follow-up Email
LEAD_0415,Website,North,Technology,Small,Amit,5.0,25.0,65,Yes,No Response,0,0.0,2025-09-20,47.5,Warm,228,0.414266229255294,41.43,Send Follow-up Email
LEAD_0416,Referral,West,Retail,Enterprise,Sneha,10.0,0.0,100,Yes,No Response,1,137093.05,2024-08-02,20.0,Cold,642,0.35546203545371124,35.55,Send Follow-up Email
LEAD_0417,Email Campaign,North,Education,Small,Neha,2.0,11.0,129,Yes,Negative,0,0.0,2024-06-09,20.5,Cold,696,0.3775573448660387,37.76,Send Follow-up Email
LEAD_0418,LinkedIn,East,Retail,Enterprise,Sneha,0.0,15.0,41,Yes,Positive,1,48695.85,2025-02-14,22.5,Warm,446,0.39230623595048253,39.23,Send Follow-up Email
LEAD_0419,Email Campaign,East,Finance,Large,Neha,20.0,11.0,3,Yes,Positive,1,120531.71,2025-01-13,56.5,Hot,478,0.3736635918761409,37.37,Send Follow-up Email
LEAD_0420,Email Campaign,Central,Retail,Small,Rahul,6.0,23.0,89,Yes,Negative,0,0.0,2026-01-26,46.5,Warm,100,0.364048521436171,36.4,Send Follow-up Email
LEAD_0421,Cold Call,South,Finance,Medium,Vikram,8.0,6.0,30,Yes,No Response,1,128461.53,2026-04-13,25.0,Hot,23,0.29408510982233854,29.41,Low Priority - Nurture
LEAD_0422,Email Campaign,West,Education,Small,Rahul,2.0,8.0,26,Yes,No Response,1,128576.41,2026-01-28,16.0,Hot,98,0.3162613879813624,31.63,Low Priority - Nurture
LEAD_0423,Website,East,Finance,Medium,Amit,9.0,19.0,18,Yes,Negative,0,0.0,2024-09-05,46.5,Hot,608,0.4486170305783305,44.86,Call Immediately
LEAD_0424,Website,Central,Healthcare,Medium,Vikram,18.0,11.0,81,No,Positive,0,0.0,2025-07-27,52.5,Warm,283,0.44544194277336385,44.54,Re-engage Urgently
LEAD_0425,Cold Call,South,Retail,Large,Rahul,4.0,21.0,85,No,Negative,0,0.0,2024-10-31,39.5,Warm,552,0.31741526726694114,31.74,Low Priority - Nurture
LEAD_0426,Website,West,Education,Small,Priya,20.0,19.0,21,No,Positive,0,0.0,2025-05-27,68.5,Hot,344,0.3900519913077769,39.01,Send Follow-up Email
LEAD_0427,LinkedIn,North,Technology,Small,Vikram,18.0,12.0,152,Yes,Positive,1,33482.63,2025-11-27,54.0,Cold,160,0.3542209296011099,35.42,Send Follow-up Email
LEAD_0428,Email Campaign,Central,Retail,Medium,Rahul,12.0,7.0,151,No,Positive,0,0.0,2025-06-20,34.5,Cold,320,0.3841856327600762,38.42,Send Follow-up Email
LEAD_0429,Email Campaign,North,Retail,Large,Vikram,0.0,21.0,62,Yes,No Response,0,0.0,2024-05-20,31.5,Warm,716,0.377343316026174,37.73,Send Follow-up Email
LEAD_0430,Cold Call,South,Education,Medium,Neha,15.0,30.0,92,Yes,Positive,0,0.0,2024-07-15,75.0,Cold,660,0.32645235009790424,32.65,Low Priority - Nurture
LEAD_0431,Website,East,Finance,Small,Neha,6.0,16.0,93,No,Negative,1,38603.74,2024-08-22,36.0,Cold,622,0.460682980639577,46.07,Re-engage Urgently
LEAD_0432,LinkedIn,East,Technology,Large,Neha,8.0,18.0,140,Yes,Negative,1,132825.04,2026-01-16,43.0,Cold,110,0.335833408990112,33.58,Send Follow-up Email
LEAD_0433,LinkedIn,Central,Healthcare,Enterprise,Priya,16.0,12.0,91,No,Negative,1,57968.03,2025-07-18,50.0,Cold,292,0.3628696138981005,36.29,Send Follow-up Email
LEAD_0434,LinkedIn,Central,Finance,Enterprise,Priya,7.0,2.0,132,No,No Response,1,133639.93,2025-10-01,17.0,Cold,217,0.36708624994871875,36.71,Send Follow-up Email
LEAD_0435,Cold Call,East,Education,Small,Neha,7.0,13.0,85,Yes,Negative,0,0.0,2024-08-16,33.5,Warm,628,0.37175353066835976,37.18,Send Follow-up Email
LEAD_0436,Email Campaign,South,Retail,Small,Priya,1.0,4.0,147,Yes,Positive,1,74458.07,2025-08-18,8.0,Cold,261,0.3435417174074176,34.35,Send Follow-up Email
LEAD_0437,LinkedIn,Central,Finance,Small,Priya,8.0,29.0,47,No,No Response,0,0.0,2025-03-19,59.5,Warm,413,0.42620511361472857,42.62,Re-engage Urgently
LEAD_0438,Website,North,Finance,Enterprise,Vikram,15.0,27.0,124,Yes,Positive,1,97455.29,2024-11-23,70.5,Cold,529,0.3833570095242558,38.34,Send Follow-up Email
LEAD_0439,Email Campaign,South,Education,Large,Priya,10.0,29.0,117,Yes,Positive,1,92121.61,2024-06-13,63.5,Cold,692,0.3365837545182653,33.66,Send Follow-up Email
LEAD_0440,Cold Call,North,Technology,Medium,Vikram,16.0,21.0,108,Yes,No Response,0,0.0,2026-01-28,63.5,Cold,98,0.2974794027782687,29.75,Low Priority - Nurture
LEAD_0441,Referral,Central,Education,Small,Vikram,16.0,24.0,31,Yes,No Response,0,0.0,2024-12-15,68.0,Warm,507,0.44472092209890307,44.47,Call Immediately
LEAD_0442,Email Campaign,North,Retail,Enterprise,Rahul,1.0,22.0,136,No,Positive,1,135787.79,2024-11-05,35.0,Cold,547,0.34933806061885364,34.93,Send Follow-up Email
LEAD_0443,Referral,East,Education,Small,Sneha,4.0,8.0,123,Yes,Positive,1,74907.9,2026-01-09,20.0,Cold,117,0.39914207883534597,39.91,Send Follow-up Email
LEAD_0444,Email Campaign,West,Healthcare,Medium,Amit,0.0,0.0,134,Yes,No Response,0,0.0,2025-08-04,0.0,Cold,275,0.3110568802315717,31.11,Low Priority - Nurture
LEAD_0445,Cold Call,East,Retail,Large,Amit,4.0,13.0,167,No,Negative,0,0.0,2024-12-20,27.5,Cold,502,0.33701049590240495,33.7,Send Follow-up Email
LEAD_0446,Website,Central,Healthcare,Enterprise,Priya,13.0,17.0,143,No,Positive,1,66416.42,2025-03-03,51.5,Cold,429,0.42312099861984753,42.31,Re-engage Urgently
LEAD_0447,Email Campaign,West,Healthcare,Large,Vikram,11.0,24.0,102,Yes,No Response,0,0.0,2025-03-19,58.0,Cold,413,0.2970346142941579,29.7,Low Priority - Nurture
LEAD_0448,Cold Call,West,Finance,Small,Priya,16.0,12.0,87,Yes,Positive,0,0.0,2025-02-26,50.0,Warm,434,0.3120345819942328,31.2,Low Priority - Nurture
LEAD_0449,LinkedIn,North,Finance,Enterprise,Vikram,13.0,2.0,17,No,Positive,0,0.0,2025-11-18,29.0,Hot,169,0.34935366657124095,34.94,Send Follow-up Email
LEAD_0450,Email Campaign,North,Retail,Enterprise,Vikram,20.0,16.0,74,Yes,Positive,0,0.0,2024-09-28,64.0,Warm,585,0.34288435896635683,34.29,Send Follow-up Email
LEAD_0451,Referral,North,Finance,Large,Priya,1.0,25.0,154,Yes,No Response,0,0.0,2024-10-26,39.5,Cold,557,0.3793756719210786,37.94,Send Follow-up Email
LEAD_0452,LinkedIn,East,Finance,Small,Priya,2.0,8.0,103,No,No Response,0,0.0,2025-01-31,16.0,Cold,460,0.41724216129939223,41.72,Send Follow-up Email
LEAD_0453,Email Campaign,South,Education,Small,Neha,2.0,29.0,24,No,No Response,0,0.0,2026-04-22,47.5,Hot,14,0.3233578271868414,32.34,Low Priority - Nurture
LEAD_0454,Website,East,Healthcare,Medium,Vikram,6.0,14.0,104,Yes,Negative,1,137676.3,2025-12-10,33.0,Cold,147,0.3966910210078791,39.67,Send Follow-up Email
LEAD_0455,Email Campaign,North,Education,Small,Vikram,9.0,10.0,30,No,No Response,0,0.0,2024-09-07,33.0,Hot,606,0.3951807204967493,39.52,Send Follow-up Email
LEAD_0456,Referral,West,Education,Enterprise,Priya,10.0,30.0,118,No,No Response,1,88359.61,2025-04-21,65.0,Cold,380,0.3164618262835543,31.65,Low Priority - Nurture
LEAD_0457,Website,North,Retail,Medium,Neha,7.0,25.0,81,No,Negative,1,74885.67,2025-10-25,51.5,Warm,193,0.38943647060157155,38.94,Send Follow-up Email
LEAD_0458,LinkedIn,East,Finance,Large,Amit,12.0,21.0,88,Yes,No Response,0,0.0,2025-07-07,55.5,Warm,303,0.35786296098914067,35.79,Send Follow-up Email
LEAD_0459,Website,South,Education,Large,Priya,6.0,15.0,52,Yes,No Response,1,74100.54,2025-03-18,34.5,Warm,414,0.3838678820480412,38.39,Send Follow-up Email
LEAD_0460,Website,South,Finance,Medium,Priya,19.0,11.0,40,Yes,Positive,0,0.0,2024-11-18,54.5,Warm,534,0.4102118791807745,41.02,Send Follow-up Email
LEAD_0461,Referral,Central,Technology,Small,Sneha,11.0,19.0,81,No,No Response,1,102992.76,2024-11-25,50.5,Warm,527,0.46082962147375867,46.08,Re-engage Urgently
LEAD_0462,Email Campaign,East,Retail,Medium,Vikram,4.0,1.0,135,No,Negative,1,76166.78,2025-10-04,9.5,Cold,214,0.35392024503918723,35.39,Send Follow-up Email
LEAD_0463,Website,West,Finance,Enterprise,Amit,16.0,14.0,81,Yes,No Response,1,9721.58,2024-12-22,53.0,Warm,500,0.3496277070332187,34.96,Send Follow-up Email
LEAD_0464,LinkedIn,East,Healthcare,Large,Priya,17.0,8.0,61,No,Negative,1,60017.06,2024-08-23,46.0,Warm,621,0.39385151802838464,39.39,Send Follow-up Email
LEAD_0465,Cold Call,West,Retail,Medium,Sneha,11.0,11.0,103,No,Negative,1,54748.99,2025-03-12,38.5,Cold,420,0.297107579309723,29.71,Low Priority - Nurture
LEAD_0466,Cold Call,Central,Finance,Small,Neha,8.0,0.0,61,No,Negative,0,0.0,2025-09-08,16.0,Warm,240,0.37230260043396035,37.23,Send Follow-up Email
LEAD_0467,Cold Call,West,Technology,Medium,Sneha,15.0,4.0,162,No,Negative,0,0.0,2026-04-11,36.0,Cold,25,0.25891913355653856,25.89,Low Priority - Nurture
LEAD_0468,Email Campaign,Central,Technology,Enterprise,Amit,5.0,1.0,56,No,Negative,0,0.0,2024-05-28,11.5,Warm,708,0.4069598176343352,40.7,Send Follow-up Email
LEAD_0469,Website,East,Healthcare,Large,Vikram,17.0,29.0,66,No,Positive,1,18963.77,2026-01-04,77.5,Warm,122,0.39332911763134815,39.33,Send Follow-up Email
LEAD_0470,Website,Central,Finance,Medium,Rahul,11.0,10.0,173,No,No Response,0,0.0,2025-12-06,37.0,Cold,151,0.41266961458799856,41.27,Send Follow-up Email
LEAD_0471,LinkedIn,West,Education,Large,Sneha,20.0,30.0,38,Yes,No Response,0,0.0,2025-07-14,85.0,Warm,296,0.3015906844429062,30.16,Low Priority - Nurture
LEAD_0472,Email Campaign,Central,Retail,Small,Amit,5.0,10.0,59,No,Negative,1,53921.3,2025-04-21,25.0,Warm,380,0.40857611193831295,40.86,Send Follow-up Email
LEAD_0473,Email Campaign,West,Healthcare,Enterprise,Rahul,18.0,16.0,116,No,Positive,1,108012.86,2024-09-14,60.0,Cold,599,0.30889134434996424,30.89,Low Priority - Nurture
LEAD_0474,LinkedIn,South,Finance,Large,Neha,0.0,6.0,43,No,Positive,0,0.0,2024-06-04,9.0,Warm,701,0.3979581478654263,39.8,Send Follow-up Email
LEAD_0475,Referral,Central,Technology,Small,Sneha,16.0,24.0,22,Yes,Negative,0,0.0,2026-04-08,68.0,Hot,28,0.40208028064194185,40.21,Send Follow-up Email
LEAD_0476,LinkedIn,West,Healthcare,Medium,Priya,9.0,14.0,161,Yes,Positive,0,0.0,2025-05-29,39.0,Cold,342,0.32447607681842017,32.45,Low Priority - Nurture
LEAD_0477,Cold Call,North,Technology,Large,Rahul,0.0,14.0,139,No,No Response,0,0.0,2025-02-26,21.0,Cold,434,0.331151149166005,33.12,Send Follow-up Email
LEAD_0478,Email Campaign,South,Education,Enterprise,Neha,0.0,28.0,145,No,No Response,0,0.0,2025-02-11,42.0,Cold,449,0.30712240079181646,30.71,Low Priority - Nurture
LEAD_0479,Email Campaign,East,Healthcare,Enterprise,Vikram,7.0,25.0,23,No,Negative,0,0.0,2024-10-26,51.5,Hot,557,0.363255542707028,36.33,Send Follow-up Email
LEAD_0480,Website,South,Healthcare,Small,Amit,0.0,26.0,35,No,Negative,0,0.0,2024-10-31,39.0,Warm,552,0.4298931185470441,42.99,Call Immediately
LEAD_0481,LinkedIn,West,Retail,Large,Amit,13.0,25.0,75,Yes,Positive,0,0.0,2024-10-01,63.5,Warm,582,0.34134101024071967,34.13,Send Follow-up Email
LEAD_0482,Cold Call,West,Education,Enterprise,Sneha,7.0,0.0,166,No,Negative,0,0.0,2025-06-25,14.0,Cold,315,0.25922665820682816,25.92,Low Priority - Nurture
LEAD_0483,LinkedIn,West,Finance,Large,Rahul,20.0,23.0,137,No,Negative,0,0.0,2025-04-10,74.5,Cold,391,0.2974146576984386,29.74,Low Priority - Nurture
LEAD_0484,LinkedIn,South,Finance,Large,Amit,20.0,14.0,159,No,Negative,0,0.0,2026-03-19,61.0,Cold,48,0.28597754538099457,28.6,Low Priority - Nurture
LEAD_0485,Website,North,Finance,Small,Vikram,0.0,5.0,27,No,No Response,1,76339.42,2024-08-30,7.5,Hot,614,0.4723895418362856,47.24,Call Immediately
LEAD_0486,Referral,North,Finance,Small,Priya,0.0,15.0,56,No,Negative,0,0.0,2024-08-06,22.5,Warm,638,0.4352065546498635,43.52,Re-engage Urgently
LEAD_0487,Referral,East,Retail,Small,Rahul,2.0,26.0,38,Yes,Negative,0,0.0,2024-08-30,43.0,Warm,614,0.4460371527797474,44.6,Call Immediately
LEAD_0488,Referral,South,Finance,Large,Sneha,0.0,0.0,64,No,Negative,1,15350.78,2024-05-18,0.0,Warm,718,0.40306738311302653,40.31,Send Follow-up Email
LEAD_0489,LinkedIn,South,Retail,Small,Vikram,6.0,15.0,100,No,Negative,0,0.0,2025-12-23,34.5,Cold,134,0.3415282504695528,34.15,Send Follow-up Email
LEAD_0490,LinkedIn,Central,Education,Small,Rahul,15.0,20.0,77,Yes,Negative,0,0.0,2026-03-13,60.0,Warm,54,0.3683005486297004,36.83,Send Follow-up Email
LEAD_0491,Cold Call,North,Finance,Enterprise,Rahul,0.0,5.0,71,Yes,Negative,1,130230.36,2024-05-18,7.5,Warm,718,0.3390145700147094,33.9,Send Follow-up Email
LEAD_0492,LinkedIn,Central,Retail,Medium,Rahul,2.0,7.0,41,No,Positive,1,6294.83,2025-08-16,14.5,Warm,263,0.4286203853804935,42.86,Call Immediately
LEAD_0493,LinkedIn,North,Healthcare,Medium,Neha,17.0,25.0,28,Yes,Negative,1,54071.2,2024-10-21,71.5,Hot,562,0.37463187001492276,37.46,Send Follow-up Email
LEAD_0494,Email Campaign,East,Retail,Medium,Amit,12.0,11.0,35,No,Positive,0,0.0,2025-03-25,40.5,Warm,407,0.3926973194671463,39.27,Send Follow-up Email
LEAD_0495,Referral,Central,Healthcare,Enterprise,Priya,18.0,5.0,140,No,Negative,0,0.0,2025-04-29,43.5,Cold,372,0.38281845051677266,38.28,Send Follow-up Email
LEAD_0496,Email Campaign,Central,Finance,Small,Vikram,4.0,14.0,76,No,No Response,1,44922.05,2025-09-19,29.0,Warm,229,0.3938517519700927,39.39,Send Follow-up Email
LEAD_0497,LinkedIn,Central,Retail,Medium,Amit,19.0,27.0,94,Yes,Negative,0,0.0,2024-08-07,78.5,Cold,637,0.40603941941405514,40.6,Send Follow-up Email
LEAD_0498,Email Campaign,West,Finance,Enterprise,Vikram,4.0,0.0,73,No,Negative,1,100451.97,2026-03-04,8.0,Warm,63,0.2744690202387955,27.45,Low Priority - Nurture
LEAD_0499,LinkedIn,North,Education,Small,Amit,4.0,5.0,9,Yes,Positive,0,0.0,2025-11-28,15.5,Hot,159,0.3860930176622489,38.61,Send Follow-up Email
LEAD_0500,LinkedIn,North,Education,Enterprise,Neha,15.0,16.0,160,No,Positive,0,0.0,2026-01-10,54.0,Cold,116,0.31127163097323995,31.13,Low Priority - Nurture
LEAD_0501,Email Campaign,North,Technology,Medium,Neha,15.0,29.0,21,No,No Response,0,0.0,2025-01-10,73.5,Hot,481,0.36722173962741095,36.72,Send Follow-up Email
LEAD_0502,Email Campaign,West,Healthcare,Small,Vikram,8.0,16.0,11,Yes,Negative,0,0.0,2025-11-17,40.0,Hot,170,0.3132991831513845,31.33,Low Priority - Nurture
LEAD_0503,Cold Call,Central,Technology,Small,Neha,7.0,17.0,99,Yes,Positive,0,0.0,2025-08-03,39.5,Cold,276,0.3779454749376066,37.79,Send Follow-up Email
LEAD_0504,Cold Call,Central,Finance,Enterprise,Neha,3.0,24.0,164,No,No Response,0,0.0,2025-11-07,42.0,Cold,180,0.3142232678256553,31.42,Low Priority - Nurture
LEAD_0505,Referral,North,Finance,Medium,Vikram,12.0,16.0,87,Yes,No Response,0,0.0,2026-01-02,48.0,Warm,124,0.35860002445079103,35.86,Send Follow-up Email
LEAD_0506,Website,East,Education,Large,Rahul,13.0,24.0,163,No,No Response,1,69236.76,2025-09-13,62.0,Cold,235,0.3801287701849827,38.01,Send Follow-up Email
LEAD_0507,Cold Call,Central,Education,Medium,Sneha,17.0,29.0,66,No,Negative,0,0.0,2026-03-29,77.5,Warm,38,0.3186067145220564,31.86,Low Priority - Nurture
LEAD_0508,Referral,North,Technology,Large,Vikram,0.0,16.0,35,No,Positive,0,0.0,2026-04-20,24.0,Warm,16,0.3768011555314835,37.68,Send Follow-up Email
LEAD_0509,Cold Call,South,Healthcare,Small,Neha,8.0,29.0,142,Yes,Positive,0,0.0,2025-03-13,59.5,Cold,419,0.32022727379062227,32.02,Low Priority - Nurture
LEAD_0510,Website,South,Finance,Large,Rahul,18.0,7.0,60,No,Negative,0,0.0,2024-09-16,46.5,Warm,597,0.39282779685208463,39.28,Send Follow-up Email
LEAD_0511,Referral,Central,Finance,Small,Neha,10.0,25.0,124,Yes,Negative,0,0.0,2025-06-28,57.5,Cold,312,0.4085801258081312,40.86,Send Follow-up Email
LEAD_0512,Email Campaign,North,Education,Large,Amit,18.0,12.0,21,Yes,Negative,1,104991.29,2025-09-08,54.0,Hot,240,0.3164907479086824,31.65,Low Priority - Nurture
LEAD_0513,Referral,West,Technology,Medium,Neha,20.0,27.0,155,Yes,No Response,0,0.0,2024-11-11,80.5,Cold,541,0.3433547276977129,34.34,Send Follow-up Email
LEAD_0514,Website,Central,Technology,Large,Vikram,18.0,4.0,84,Yes,Positive,1,60460.61,2025-01-18,42.0,Warm,473,0.45100184834039225,45.1,Re-engage Urgently
LEAD_0515,Referral,West,Education,Small,Priya,13.0,9.0,101,Yes,Positive,0,0.0,2024-05-05,39.5,Cold,731,0.3960016029308178,39.6,Send Follow-up Email
LEAD_0516,Referral,Central,Technology,Enterprise,Rahul,2.0,12.0,129,No,No Response,0,0.0,2024-08-18,22.0,Cold,626,0.43304979494951373,43.3,Re-engage Urgently
LEAD_0517,Cold Call,West,Education,Medium,Sneha,12.0,20.0,147,Yes,No Response,0,0.0,2025-02-22,54.0,Cold,438,0.282675111443754,28.27,Low Priority - Nurture
LEAD_0518,Email Campaign,South,Finance,Small,Rahul,13.0,10.0,176,Yes,Positive,0,0.0,2024-07-26,41.0,Cold,649,0.3553268222771087,35.53,Send Follow-up Email
LEAD_0519,Website,South,Healthcare,Large,Vikram,20.0,0.0,79,Yes,Negative,1,66413.39,2025-03-14,40.0,Warm,418,0.37018829172923645,37.02,Send Follow-up Email
LEAD_0520,Referral,Central,Finance,Enterprise,Amit,7.0,6.0,176,No,Positive,0,0.0,2024-10-15,23.0,Cold,568,0.4181161693252277,41.81,Send Follow-up Email
LEAD_0521,LinkedIn,North,Finance,Medium,Rahul,0.0,10.0,178,Yes,Negative,1,128650.8,2024-08-29,15.0,Cold,615,0.3732386154517502,37.32,Send Follow-up Email
LEAD_0522,LinkedIn,East,Finance,Medium,Priya,17.0,16.0,67,No,No Response,0,0.0,2026-01-12,58.0,Warm,114,0.36114839759350215,36.11,Send Follow-up Email
LEAD_0523,LinkedIn,West,Education,Small,Rahul,5.0,1.0,73,Yes,No Response,1,25495.38,2024-07-03,11.5,Warm,672,0.3785438135060624,37.85,Send Follow-up Email
LEAD_0524,LinkedIn,West,Technology,Small,Sneha,8.0,21.0,169,No,Positive,0,0.0,2025-09-06,47.5,Cold,242,0.3347221010033735,33.47,Send Follow-up Email
LEAD_0525,Referral,South,Retail,Small,Rahul,15.0,27.0,153,Yes,Positive,0,0.0,2026-04-06,70.5,Cold,30,0.33828439199809907,33.83,Send Follow-up Email
LEAD_0526,Referral,Central,Technology,Small,Priya,16.0,9.0,86,No,Negative,0,0.0,2024-09-10,45.5,Warm,603,0.4589857381556203,45.9,Re-engage Urgently
LEAD_0527,Website,East,Healthcare,Medium,Vikram,8.0,25.0,16,No,Negative,1,7663.97,2025-05-18,53.5,Hot,353,0.4317061263529415,43.17,Call Immediately
LEAD_0528,LinkedIn,Central,Healthcare,Medium,Priya,10.0,28.0,101,Yes,Positive,1,123154.5,2025-06-25,62.0,Cold,315,0.39627205871253157,39.63,Send Follow-up Email
LEAD_0529,Email Campaign,South,Retail,Medium,Vikram,4.0,13.0,80,No,Negative,1,80504.09,2024-07-10,27.5,Warm,665,0.3629128910023572,36.29,Send Follow-up Email
LEAD_0530,Cold Call,South,Education,Medium,Priya,9.0,22.0,135,Yes,Negative,0,0.0,2024-06-27,51.0,Cold,678,0.3149793418669577,31.5,Low Priority - Nurture
LEAD_0531,Cold Call,Central,Finance,Large,Amit,17.0,17.0,31,Yes,Negative,1,146487.65,2024-06-19,59.5,Warm,686,0.37034542471671184,37.03,Send Follow-up Email
LEAD_0532,LinkedIn,East,Retail,Enterprise,Rahul,14.0,23.0,164,No,Positive,1,26100.81,2025-07-01,62.5,Cold,309,0.3484448133222604,34.84,Send Follow-up Email
LEAD_0533,Cold Call,North,Education,Large,Vikram,18.0,19.0,60,Yes,Positive,1,20481.86,2025-04-09,64.5,Warm,392,0.3159754297697917,31.6,Low Priority - Nurture
LEAD_0534,Referral,South,Education,Enterprise,Neha,20.0,11.0,48,No,Negative,1,57092.89,2026-04-10,56.5,Warm,26,0.3071378411695874,30.71,Low Priority - Nurture
LEAD_0535,Cold Call,South,Finance,Small,Sneha,0.0,29.0,70,No,Positive,0,0.0,2026-04-18,43.5,Warm,18,0.3087646452378241,30.88,Low Priority - Nurture
LEAD_0536,Cold Call,North,Finance,Enterprise,Vikram,15.0,22.0,84,No,Positive,1,148295.3,2025-07-28,63.0,Warm,282,0.3004985065489801,30.05,Low Priority - Nurture
LEAD_0537,LinkedIn,Central,Retail,Large,Sneha,19.0,30.0,147,Yes,No Response,0,0.0,2026-03-12,83.0,Cold,55,0.33762839785650456,33.76,Send Follow-up Email
LEAD_0538,Referral,North,Finance,Enterprise,Neha,1.0,17.0,100,Yes,Positive,0,0.0,2025-08-12,27.5,Cold,267,0.3611226115405171,36.11,Send Follow-up Email
LEAD_0539,Referral,East,Healthcare,Enterprise,Priya,13.0,9.0,157,Yes,No Response,0,0.0,2026-03-05,39.5,Cold,62,0.3383381061792856,33.83,Send Follow-up Email
LEAD_0540,Cold Call,West,Retail,Small,Neha,16.0,3.0,47,Yes,Negative,0,0.0,2025-03-28,36.5,Warm,404,0.3095663071676624,30.96,Low Priority - Nurture
LEAD_0541,Referral,North,Finance,Enterprise,Vikram,6.0,28.0,117,Yes,Negative,0,0.0,2025-02-04,54.0,Cold,456,0.35050162535089485,35.05,Send Follow-up Email
LEAD_0542,Cold Call,North,Technology,Small,Neha,14.0,20.0,93,Yes,No Response,0,0.0,2024-09-30,58.0,Cold,583,0.3554969850184919,35.55,Send Follow-up Email
LEAD_0543,Email Campaign,Central,Finance,Enterprise,Vikram,12.0,1.0,44,No,No Response,1,110396.71,2024-12-01,25.5,Warm,521,0.38625344353688934,38.63,Send Follow-up Email
LEAD_0544,Cold Call,South,Finance,Small,Sneha,9.0,9.0,115,No,No Response,1,130087.51,2025-05-18,31.5,Cold,353,0.3232999894236392,32.33,Low Priority - Nurture
LEAD_0545,Cold Call,South,Technology,Large,Amit,14.0,15.0,128,Yes,No Response,0,0.0,2025-01-13,50.5,Cold,478,0.30181059036497093,30.18,Low Priority - Nurture
LEAD_0546,Email Campaign,West,Retail,Enterprise,Sneha,2.0,19.0,154,Yes,Positive,1,39492.36,2025-02-17,32.5,Cold,443,0.29821782596527013,29.82,Low Priority - Nurture
LEAD_0547,Email Campaign,South,Technology,Medium,Priya,1.0,20.0,90,Yes,Positive,1,45326.38,2025-09-26,32.0,Warm,222,0.33268382136968794,33.27,Send Follow-up Email
LEAD_0548,Email Campaign,East,Healthcare,Small,Amit,0.0,13.0,46,Yes,No Response,1,101714.5,2026-04-13,19.5,Warm,23,0.36207304776826466,36.21,Send Follow-up Email
LEAD_0549,Email Campaign,Central,Education,Medium,Sneha,18.0,11.0,10,Yes,Negative,0,0.0,2024-07-25,52.5,Hot,650,0.4034418979603317,40.34,Send Follow-up Email
LEAD_0550,Referral,North,Retail,Small,Rahul,15.0,4.0,32,No,Negative,0,0.0,2026-02-06,36.0,Warm,89,0.38356118206039136,38.36,Send Follow-up Email
LEAD_0551,Email Campaign,South,Finance,Small,Amit,18.0,23.0,162,Yes,Negative,0,0.0,2025-03-28,70.5,Cold,404,0.31180896974627387,31.18,Low Priority - Nurture
LEAD_0552,Website,West,Education,Large,Rahul,16.0,18.0,160,No,Positive,1,92692.81,2025-04-27,59.0,Cold,374,0.3472494284356712,34.72,Send Follow-up Email
LEAD_0553,Referral,Central,Retail,Enterprise,Priya,19.0,7.0,75,Yes,Positive,0,0.0,2024-12-16,48.5,Warm,506,0.41679262886325574,41.68,Send Follow-up Email
LEAD_0554,Referral,North,Finance,Enterprise,Sneha,1.0,10.0,90,Yes,Positive,0,0.0,2024-05-06,17.0,Warm,730,0.4087472570345652,40.87,Send Follow-up Email
LEAD_0555,Website,East,Technology,Large,Rahul,16.0,17.0,83,Yes,Positive,0,0.0,2024-10-17,57.5,Warm,566,0.4367642909438995,43.68,Re-engage Urgently
LEAD_0556,Email Campaign,Central,Technology,Medium,Priya,10.0,26.0,87,No,Negative,1,54497.43,2025-07-30,59.0,Warm,280,0.3716098836697225,37.16,Send Follow-up Email
LEAD_0557,Referral,South,Retail,Large,Sneha,13.0,29.0,15,No,No Response,1,98619.57,2024-09-04,69.5,Hot,609,0.38862484319099866,38.86,Send Follow-up Email
LEAD_0558,Email Campaign,North,Finance,Large,Rahul,2.0,4.0,72,Yes,Negative,1,50747.91,2025-08-23,10.0,Warm,256,0.3286027844442979,32.86,Low Priority - Nurture
LEAD_0559,Cold Call,Central,Education,Enterprise,Priya,19.0,0.0,79,No,No Response,1,95844.07,2026-04-05,38.0,Warm,31,0.31000313716136274,31.0,Low Priority - Nurture
LEAD_0560,Referral,North,Retail,Medium,Rahul,14.0,26.0,78,Yes,No Response,0,0.0,2024-11-26,67.0,Warm,526,0.39501104722181746,39.5,Send Follow-up Email
LEAD_0561,LinkedIn,East,Technology,Medium,Amit,14.0,16.0,7,No,No Response,0,0.0,2025-11-12,52.0,Hot,175,0.3866642359461584,38.67,Send Follow-up Email
LEAD_0562,Website,West,Education,Large,Rahul,4.0,24.0,26,Yes,Positive,0,0.0,2024-09-22,44.0,Hot,591,0.39210738185398003,39.21,Send Follow-up Email
LEAD_0563,Email Campaign,North,Technology,Large,Amit,19.0,27.0,23,No,Negative,1,71608.42,2024-08-14,78.5,Hot,630,0.35730527519890415,35.73,Send Follow-up Email
LEAD_0564,Website,North,Education,Large,Neha,6.0,10.0,52,Yes,Negative,1,19949.91,2025-10-27,27.0,Warm,191,0.3760721456355941,37.61,Send Follow-up Email
LEAD_0565,Website,West,Technology,Large,Priya,5.0,8.0,30,Yes,No Response,0,0.0,2026-03-23,22.0,Hot,44,0.3492543152006212,34.93,Send Follow-up Email
LEAD_0566,LinkedIn,South,Education,Large,Vikram,10.0,8.0,37,No,No Response,0,0.0,2026-02-28,32.0,Warm,67,0.3225855674803296,32.26,Low Priority - Nurture
LEAD_0567,LinkedIn,East,Education,Large,Vikram,14.0,1.0,34,Yes,Negative,0,0.0,2026-04-27,29.5,Warm,9,0.33841470647786653,33.84,Send Follow-up Email
LEAD_0568,Referral,North,Technology,Enterprise,Sneha,5.0,22.0,153,No,No Response,1,12316.12,2024-06-07,43.0,Cold,698,0.3905749974447971,39.06,Send Follow-up Email
LEAD_0569,Website,South,Education,Small,Sneha,18.0,4.0,24,No,Positive,0,0.0,2025-07-30,42.0,Hot,280,0.4109235973851339,41.09,Send Follow-up Email
LEAD_0570,Referral,West,Finance,Medium,Priya,19.0,8.0,94,No,Positive,0,0.0,2024-08-13,50.0,Cold,631,0.3787296586810045,37.87,Send Follow-up Email
LEAD_0571,Website,West,Retail,Small,Amit,15.0,3.0,90,No,Negative,1,101451.19,2025-01-10,34.5,Warm,481,0.3934886076845746,39.35,Send Follow-up Email
LEAD_0572,Website,Central,Education,Medium,Vikram,3.0,12.0,28,No,No Response,1,45927.32,2024-08-28,24.0,Hot,616,0.48863732929135034,48.86,Call Immediately
LEAD_0573,Website,Central,Retail,Enterprise,Vikram,13.0,7.0,159,Yes,No Response,0,0.0,2025-09-11,36.5,Cold,237,0.3945278047797312,39.45,Send Follow-up Email
LEAD_0574,Referral,West,Technology,Large,Priya,18.0,13.0,112,No,No Response,0,0.0,2025-04-04,55.5,Cold,397,0.3397388864668208,33.97,Send Follow-up Email
LEAD_0575,LinkedIn,Central,Retail,Small,Vikram,19.0,14.0,84,Yes,Negative,1,30097.39,2025-08-24,59.0,Warm,255,0.39130448040205795,39.13,Send Follow-up Email
LEAD_0576,Referral,North,Education,Small,Neha,19.0,24.0,98,No,Negative,0,0.0,2025-08-17,74.0,Cold,262,0.36828679315134416,36.83,Send Follow-up Email
LEAD_0577,LinkedIn,North,Finance,Medium,Vikram,20.0,25.0,1,Yes,No Response,0,0.0,2025-03-03,77.5,Hot,429,0.37005039057539274,37.01,Send Follow-up Email
LEAD_0578,Email Campaign,East,Retail,Enterprise,Priya,6.0,21.0,82,No,No Response,0,0.0,2024-12-08,43.5,Warm,514,0.3617345878466664,36.17,Send Follow-up Email
LEAD_0579,Referral,East,Technology,Small,Vikram,16.0,12.0,33,No,Positive,1,103536.04,2024-08-24,50.0,Warm,620,0.4663596225613675,46.64,Call Immediately
LEAD_0580,Email Campaign,North,Technology,Large,Amit,9.0,27.0,8,Yes,Negative,0,0.0,2025-04-05,58.5,Hot,396,0.3417900014274402,34.18,Send Follow-up Email
LEAD_0581,Website,West,Retail,Enterprise,Sneha,17.0,6.0,170,Yes,Negative,1,62168.91,2024-07-30,43.0,Cold,645,0.3467410836217214,34.67,Send Follow-up Email
LEAD_0582,Email Campaign,West,Healthcare,Enterprise,Priya,9.0,0.0,172,Yes,Positive,0,0.0,2024-10-23,18.0,Cold,560,0.3049797320262965,30.5,Low Priority - Nurture
LEAD_0583,LinkedIn,South,Retail,Enterprise,Priya,2.0,4.0,165,No,Negative,0,0.0,2025-04-10,10.0,Cold,391,0.324787369839465,32.48,Low Priority - Nurture
LEAD_0584,Referral,Central,Finance,Enterprise,Vikram,0.0,17.0,116,No,Negative,1,105831.63,2025-12-24,25.5,Cold,133,0.3739443387373971,37.39,Send Follow-up Email
LEAD_0585,Referral,Central,Technology,Enterprise,Neha,7.0,22.0,129,No,Negative,0,0.0,2025-04-13,47.0,Cold,388,0.3931343925013227,39.31,Send Follow-up Email
LEAD_0586,LinkedIn,North,Education,Enterprise,Neha,11.0,3.0,149,No,No Response,1,88571.09,2026-04-25,26.5,Cold,11,0.30593632894451,30.59,Low Priority - Nurture
LEAD_0587,Email Campaign,East,Retail,Small,Vikram,19.0,2.0,63,No,No Response,0,0.0,2026-03-29,41.0,Warm,38,0.3568417098901298,35.68,Send Follow-up Email
LEAD_0588,LinkedIn,Central,Education,Large,Vikram,1.0,28.0,88,Yes,Negative,1,144259.6,2025-08-13,44.0,Warm,266,0.3692896296715224,36.93,Send Follow-up Email
LEAD_0589,Referral,Central,Healthcare,Enterprise,Rahul,9.0,9.0,43,Yes,No Response,0,0.0,2025-01-03,31.5,Warm,488,0.4190678413131663,41.91,Send Follow-up Email
LEAD_0590,Email Campaign,East,Technology,Enterprise,Vikram,5.0,18.0,14,No,No Response,1,113666.67,2025-12-29,37.0,Hot,128,0.3434587981307749,34.35,Send Follow-up Email
LEAD_0591,Website,West,Technology,Medium,Vikram,2.0,27.0,72,No,Positive,0,0.0,2025-09-11,44.5,Warm,237,0.3801931173151198,38.02,Send Follow-up Email
LEAD_0592,Website,East,Technology,Small,Vikram,5.0,29.0,152,Yes,No Response,0,0.0,2026-03-11,53.5,Cold,56,0.39913484467682486,39.91,Send Follow-up Email
LEAD_0593,Cold Call,East,Finance,Enterprise,Priya,16.0,27.0,9,No,Positive,0,0.0,2024-05-28,72.5,Hot,708,0.3637246017751845,36.37,Send Follow-up Email
LEAD_0594,Cold Call,West,Retail,Enterprise,Priya,14.0,23.0,164,Yes,Positive,1,91353.89,2025-02-11,62.5,Cold,449,0.2688219416337982,26.88,Low Priority - Nurture
LEAD_0595,Website,North,Healthcare,Small,Amit,5.0,14.0,103,No,Negative,0,0.0,2024-11-21,31.0,Cold,531,0.4352611312319178,43.53,Re-engage Urgently
LEAD_0596,Email Campaign,South,Retail,Enterprise,Sneha,8.0,4.0,136,No,Positive,0,0.0,2024-06-20,22.0,Cold,685,0.34574473571653086,34.57,Send Follow-up Email
LEAD_0597,Referral,West,Healthcare,Small,Amit,17.0,20.0,91,No,No Response,0,0.0,2025-06-26,64.0,Cold,314,0.35418413429978496,35.42,Send Follow-up Email
LEAD_0598,Website,East,Healthcare,Small,Rahul,20.0,18.0,101,No,No Response,1,129461.57,2024-05-28,67.0,Cold,708,0.4636056002772976,46.36,Re-engage Urgently
LEAD_0599,Email Campaign,South,Education,Large,Neha,5.0,10.0,141,Yes,No Response,1,111475.45,2024-05-23,25.0,Cold,713,0.33957398712829695,33.96,Send Follow-up Email
LEAD_0600,LinkedIn,North,Retail,Small,Vikram,3.0,21.0,115,No,Positive,0,0.0,2025-12-25,37.5,Cold,132,0.37171075528233594,37.17,Send Follow-up Email
LEAD_0601,LinkedIn,North,Education,Small,Amit,19.0,21.0,56,Yes,No Response,1,41524.94,2025-06-04,69.5,Warm,336,0.3652243518860274,36.52,Send Follow-up Email
LEAD_0602,Email Campaign,South,Retail,Medium,Amit,5.0,8.0,76,No,No Response,1,17526.02,2024-11-27,22.0,Warm,525,0.3600206868691739,36.0,Send Follow-up Email
LEAD_0603,Website,West,Healthcare,Large,Priya,2.0,8.0,16,No,Negative,1,97623.17,2026-04-05,16.0,Hot,31,0.3474890820975506,34.75,Send Follow-up Email
LEAD_0604,LinkedIn,East,Healthcare,Medium,Sneha,2.0,15.0,52,No,Positive,0,0.0,2025-04-15,26.5,Warm,386,0.41335580382281517,41.34,Send Follow-up Email
LEAD_0605,LinkedIn,South,Education,Enterprise,Priya,19.0,20.0,28,No,No Response,0,0.0,2025-03-21,68.0,Hot,411,0.3286841315540033,32.87,Low Priority - Nurture
LEAD_0606,LinkedIn,North,Technology,Large,Sneha,0.0,28.0,128,Yes,No Response,0,0.0,2024-08-01,42.0,Cold,643,0.3780930532757103,37.81,Send Follow-up Email
LEAD_0607,LinkedIn,West,Healthcare,Medium,Neha,10.0,28.0,101,Yes,No Response,0,0.0,2025-01-11,62.0,Cold,480,0.33207427046069665,33.21,Send Follow-up Email
LEAD_0608,Referral,West,Retail,Small,Vikram,7.0,0.0,99,No,Positive,1,116793.64,2024-09-21,14.0,Cold,592,0.4066209644465763,40.66,Send Follow-up Email
LEAD_0609,Website,East,Healthcare,Enterprise,Amit,20.0,30.0,166,Yes,Negative,0,0.0,2024-07-06,85.0,Cold,669,0.38764968809287154,38.76,Send Follow-up Email
LEAD_0610,Website,North,Retail,Large,Neha,6.0,5.0,142,Yes,Negative,0,0.0,2025-10-18,19.5,Cold,200,0.37007869810725874,37.01,Send Follow-up Email
LEAD_0611,Referral,North,Healthcare,Enterprise,Amit,20.0,14.0,49,Yes,Positive,1,48336.2,2025-05-24,61.0,Warm,347,0.3635878549771149,36.36,Send Follow-up Email
LEAD_0612,Email Campaign,South,Retail,Enterprise,Amit,17.0,20.0,79,No,No Response,0,0.0,2025-08-10,64.0,Warm,269,0.29810146063397824,29.81,Low Priority - Nurture
LEAD_0613,LinkedIn,North,Healthcare,Small,Rahul,1.0,12.0,31,Yes,No Response,1,122707.82,2024-09-21,20.0,Warm,592,0.4188131258390178,41.88,Send Follow-up Email
LEAD_0614,Email Campaign,South,Education,Medium,Amit,1.0,23.0,37,No,No Response,1,71463.7,2025-11-20,36.5,Warm,167,0.32572919490175056,32.57,Low Priority - Nurture
LEAD_0615,Email Campaign,North,Finance,Medium,Amit,5.0,20.0,13,No,Positive,0,0.0,2026-02-15,40.0,Hot,80,0.34676466118969695,34.68,Send Follow-up Email
LEAD_0616,Cold Call,Central,Technology,Small,Amit,15.0,0.0,158,Yes,Positive,0,0.0,2025-02-19,30.0,Cold,441,0.3830906549565449,38.31,Send Follow-up Email
LEAD_0617,Referral,East,Technology,Medium,Rahul,6.0,24.0,12,Yes,Negative,1,66800.66,2025-09-21,48.0,Hot,227,0.40020403290659967,40.02,Send Follow-up Email
LEAD_0618,Website,South,Retail,Medium,Neha,11.0,17.0,43,No,Positive,0,0.0,2024-08-15,47.5,Warm,629,0.43478116976149206,43.48,Call Immediately
LEAD_0619,LinkedIn,Central,Retail,Medium,Amit,15.0,0.0,2,Yes,Positive,1,10901.34,2025-05-04,30.0,Hot,367,0.4299119089468654,42.99,Call Immediately
LEAD_0620,Email Campaign,East,Retail,Enterprise,Neha,4.0,6.0,37,No,No Response,1,107477.48,2024-09-26,17.0,Warm,587,0.3849005289327968,38.49,Send Follow-up Email
LEAD_0621,Cold Call,South,Education,Small,Vikram,5.0,22.0,128,Yes,No Response,0,0.0,2025-01-24,43.0,Cold,467,0.32070586551015917,32.07,Low Priority - Nurture
LEAD_0622,Referral,North,Education,Medium,Priya,3.0,16.0,25,No,No Response,1,48673.97,2026-02-19,30.0,Hot,76,0.37735937945996145,37.74,Send Follow-up Email
LEAD_0623,Referral,South,Healthcare,Small,Priya,3.0,25.0,39,No,Negative,0,0.0,2024-06-07,43.5,Warm,698,0.41986975216033806,41.99,Send Follow-up Email
LEAD_0624,LinkedIn,North,Healthcare,Large,Priya,13.0,8.0,86,No,Positive,0,0.0,2025-01-12,38.0,Warm,479,0.3774370569421769,37.74,Send Follow-up Email
LEAD_0625,LinkedIn,Central,Finance,Medium,Amit,15.0,16.0,30,Yes,Positive,0,0.0,2024-06-11,54.0,Hot,694,0.4437408004909477,44.37,Call Immediately
LEAD_0626,Website,West,Finance,Large,Priya,3.0,10.0,59,Yes,Positive,1,90942.47,2025-09-05,21.0,Warm,243,0.3639890200746174,36.4,Send Follow-up Email
LEAD_0627,Referral,South,Technology,Enterprise,Vikram,15.0,1.0,112,Yes,Positive,1,131133.51,2024-12-12,31.5,Cold,510,0.36424199955684106,36.42,Send Follow-up Email
LEAD_0628,Referral,East,Finance,Enterprise,Neha,6.0,20.0,92,No,Positive,1,70973.68,2024-08-30,42.0,Cold,614,0.41335130066955306,41.34,Send Follow-up Email
LEAD_0629,LinkedIn,Central,Technology,Large,Priya,3.0,27.0,120,No,Negative,0,0.0,2024-11-05,46.5,Cold,547,0.4036745103910539,40.37,Send Follow-up Email
LEAD_0630,Website,South,Healthcare,Medium,Neha,19.0,28.0,44,Yes,Positive,0,0.0,2025-08-30,80.0,Warm,249,0.37742383194609935,37.74,Send Follow-up Email
LEAD_0631,Email Campaign,West,Finance,Enterprise,Sneha,8.0,0.0,110,Yes,Positive,0,0.0,2026-02-02,16.0,Cold,93,0.2759373754064616,27.59,Low Priority - Nurture
LEAD_0632,Email Campaign,South,Education,Medium,Vikram,0.0,13.0,12,Yes,Negative,0,0.0,2025-06-24,19.5,Hot,316,0.33446619961907575,33.45,Send Follow-up Email
LEAD_0633,Referral,Central,Retail,Enterprise,Neha,3.0,14.0,127,Yes,Positive,1,78111.37,2024-06-09,27.0,Cold,696,0.43729176681864446,43.73,Re-engage Urgently
LEAD_0634,LinkedIn,West,Finance,Medium,Rahul,9.0,7.0,166,Yes,Positive,0,0.0,2025-02-02,28.5,Cold,458,0.3345189402356324,33.45,Send Follow-up Email
LEAD_0635,Website,South,Retail,Small,Sneha,14.0,24.0,36,No,Positive,0,0.0,2024-06-25,64.0,Warm,680,0.44818898347033015,44.82,Call Immediately
LEAD_0636,Referral,North,Technology,Enterprise,Neha,10.0,16.0,9,No,Negative,1,58710.97,2025-02-20,44.0,Hot,440,0.38261537196097084,38.26,Send Follow-up Email
LEAD_0637,Email Campaign,Central,Education,Medium,Neha,2.0,19.0,86,Yes,No Response,1,106217.97,2024-06-16,32.5,Warm,689,0.4126815238866914,41.27,Send Follow-up Email
LEAD_0638,LinkedIn,North,Retail,Large,Sneha,19.0,1.0,94,No,Positive,1,102824.68,2025-01-25,39.5,Cold,466,0.37477982378838565,37.48,Send Follow-up Email
LEAD_0639,LinkedIn,Central,Finance,Medium,Rahul,7.0,17.0,30,No,No Response,0,0.0,2025-05-24,39.5,Hot,347,0.4163730813271927,41.64,Send Follow-up Email
LEAD_0640,Cold Call,South,Healthcare,Large,Rahul,16.0,21.0,109,No,Positive,1,89117.31,2024-05-30,63.5,Cold,706,0.3287916242967731,32.88,Low Priority - Nurture
LEAD_0641,Website,West,Retail,Small,Sneha,17.0,21.0,137,No,Negative,0,0.0,2024-11-24,65.5,Cold,528,0.37934912981888186,37.93,Send Follow-up Email
LEAD_0642,LinkedIn,South,Retail,Small,Amit,12.0,28.0,46,No,Positive,0,0.0,2025-11-03,66.0,Warm,184,0.35920774111719145,35.92,Send Follow-up Email
LEAD_0643,Website,North,Finance,Enterprise,Priya,6.0,16.0,161,Yes,Negative,0,0.0,2025-05-13,36.0,Cold,358,0.3590316938205552,35.9,Send Follow-up Email
LEAD_0644,Email Campaign,South,Retail,Large,Sneha,14.0,23.0,166,Yes,Negative,0,0.0,2025-02-13,62.5,Cold,447,0.2989376194300568,29.89,Low Priority - Nurture
LEAD_0645,LinkedIn,South,Education,Large,Sneha,18.0,10.0,168,No,Negative,0,0.0,2025-07-27,51.0,Cold,283,0.3048665922200639,30.49,Low Priority - Nurture
LEAD_0646,Email Campaign,Central,Retail,Enterprise,Rahul,18.0,4.0,79,Yes,Negative,0,0.0,2024-08-10,42.0,Warm,634,0.37379121534381043,37.38,Send Follow-up Email
LEAD_0647,Website,East,Technology,Medium,Rahul,9.0,14.0,43,Yes,No Response,0,0.0,2024-05-05,39.0,Warm,731,0.47362278556661497,47.36,Call Immediately
LEAD_0648,Cold Call,South,Finance,Medium,Priya,3.0,1.0,82,Yes,Negative,0,0.0,2026-04-04,7.5,Warm,32,0.28596131610041753,28.6,Low Priority - Nurture
LEAD_0649,Cold Call,South,Education,Small,Neha,10.0,11.0,38,No,Negative,0,0.0,2025-08-01,36.5,Warm,278,0.3185072264520446,31.85,Low Priority - Nurture
LEAD_0650,Cold Call,Central,Healthcare,Small,Amit,12.0,29.0,128,Yes,Negative,0,0.0,2025-07-18,67.5,Cold,292,0.3447971472283381,34.48,Send Follow-up Email
LEAD_0651,Email Campaign,Central,Healthcare,Large,Sneha,9.0,30.0,147,Yes,No Response,1,27627.72,2025-10-02,63.0,Cold,216,0.3391978545979751,33.92,Send Follow-up Email
LEAD_0652,Website,North,Retail,Small,Priya,17.0,3.0,79,Yes,Negative,1,138732.35,2024-06-09,38.5,Warm,696,0.4448654615585339,44.49,Re-engage Urgently
LEAD_0653,Cold Call,West,Healthcare,Small,Rahul,1.0,19.0,165,Yes,No Response,0,0.0,2024-05-10,30.5,Cold,726,0.3286848577369185,32.87,Low Priority - Nurture
LEAD_0654,Website,South,Technology,Small,Vikram,14.0,21.0,172,Yes,No Response,0,0.0,2025-05-27,59.5,Cold,344,0.38085652314847307,38.09,Send Follow-up Email
LEAD_0655,Referral,East,Education,Small,Neha,11.0,12.0,38,No,Negative,0,0.0,2025-10-08,40.0,Warm,210,0.4053611609379179,40.54,Send Follow-up Email
LEAD_0656,LinkedIn,East,Healthcare,Large,Rahul,14.0,0.0,144,Yes,Positive,0,0.0,2024-06-23,28.0,Cold,682,0.4004988426396431,40.05,Send Follow-up Email
LEAD_0657,Referral,West,Healthcare,Medium,Neha,13.0,23.0,107,Yes,No Response,1,69411.95,2024-06-28,60.5,Cold,677,0.3673765991944398,36.74,Send Follow-up Email
LEAD_0658,Cold Call,South,Healthcare,Enterprise,Vikram,0.0,2.0,152,No,Positive,0,0.0,2025-08-22,3.0,Cold,257,0.29400196889838165,29.4,Low Priority - Nurture
LEAD_0659,Website,West,Finance,Enterprise,Neha,18.0,24.0,36,Yes,Positive,0,0.0,2024-11-01,72.0,Warm,551,0.36329014951535654,36.33,Send Follow-up Email
LEAD_0660,Referral,North,Healthcare,Large,Sneha,17.0,23.0,119,Yes,Positive,1,46972.16,2024-05-23,68.5,Cold,713,0.3962784078278748,39.63,Send Follow-up Email
LEAD_0661,Website,West,Technology,Large,Sneha,5.0,15.0,177,Yes,Positive,1,27333.48,2025-02-17,32.5,Cold,443,0.3641190775983038,36.41,Send Follow-up Email
LEAD_0662,Website,West,Technology,Large,Vikram,15.0,18.0,112,No,No Response,0,0.0,2025-11-27,57.0,Cold,160,0.33858036740293546,33.86,Send Follow-up Email
LEAD_0663,LinkedIn,East,Education,Small,Rahul,5.0,18.0,15,Yes,Negative,1,146267.52,2024-07-02,37.0,Hot,673,0.4288871130395307,42.89,Call Immediately
LEAD_0664,Cold Call,East,Finance,Small,Rahul,11.0,13.0,163,No,Positive,0,0.0,2024-12-25,41.5,Cold,497,0.36667721381037716,36.67,Send Follow-up Email
LEAD_0665,Email Campaign,North,Education,Medium,Neha,5.0,24.0,25,Yes,No Response,0,0.0,2024-11-04,46.0,Hot,548,0.3686761067749151,36.87,Send Follow-up Email
LEAD_0666,Website,East,Healthcare,Large,Amit,17.0,18.0,91,Yes,Positive,0,0.0,2025-12-16,61.0,Cold,141,0.38919573067037716,38.92,Send Follow-up Email
LEAD_0667,Website,East,Retail,Enterprise,Rahul,5.0,3.0,56,Yes,No Response,0,0.0,2024-12-28,14.5,Warm,494,0.42816662542157585,42.82,Re-engage Urgently
LEAD_0668,Cold Call,Central,Education,Small,Sneha,14.0,29.0,20,Yes,Positive,0,0.0,2025-06-20,71.5,Hot,320,0.37503769826652256,37.5,Send Follow-up Email
LEAD_0669,Website,East,Finance,Enterprise,Vikram,16.0,24.0,88,Yes,No Response,1,74530.14,2025-06-04,68.0,Warm,336,0.3828349808123608,38.28,Send Follow-up Email
LEAD_0670,LinkedIn,South,Finance,Medium,Neha,7.0,9.0,33,Yes,Positive,0,0.0,2024-11-23,27.5,Warm,529,0.38240126577170763,38.24,Send Follow-up Email
LEAD_0671,LinkedIn,North,Technology,Enterprise,Sneha,1.0,6.0,28,Yes,No Response,1,66596.74,2025-03-17,11.0,Hot,415,0.37115893655378007,37.12,Send Follow-up Email
LEAD_0672,LinkedIn,West,Technology,Large,Amit,2.0,9.0,171,Yes,Positive,0,0.0,2024-06-26,17.5,Cold,679,0.352505682901366,35.25,Send Follow-up Email
LEAD_0673,Cold Call,Central,Finance,Medium,Neha,11.0,0.0,24,Yes,No Response,1,138414.22,2025-11-23,22.0,Hot,164,0.35786641147528114,35.79,Send Follow-up Email
LEAD_0674,Website,East,Finance,Medium,Vikram,18.0,2.0,26,Yes,No Response,1,142574.78,2025-08-24,39.0,Hot,255,0.42101231524166066,42.1,Call Immediately
LEAD_0675,Cold Call,East,Finance,Small,Neha,3.0,29.0,55,No,Negative,0,0.0,2024-05-15,49.5,Warm,721,0.3906545956463628,39.07,Send Follow-up Email
LEAD_0676,LinkedIn,South,Healthcare,Enterprise,Sneha,6.0,16.0,59,No,Positive,1,31843.24,2025-10-07,36.0,Warm,211,0.33080278900163984,33.08,Send Follow-up Email
LEAD_0677,Referral,North,Education,Medium,Sneha,11.0,22.0,74,Yes,Positive,1,50570.64,2025-07-16,55.0,Warm,294,0.3799843312177267,38.0,Send Follow-up Email
LEAD_0678,LinkedIn,West,Healthcare,Enterprise,Vikram,9.0,21.0,114,Yes,No Response,0,0.0,2025-03-16,49.5,Cold,416,0.30468169149266117,30.47,Low Priority - Nurture
LEAD_0679,Referral,South,Technology,Enterprise,Neha,11.0,5.0,4,No,No Response,0,0.0,2025-04-13,29.5,Hot,388,0.372488856547706,37.25,Send Follow-up Email
LEAD_0680,Referral,Central,Technology,Small,Priya,12.0,12.0,178,Yes,No Response,0,0.0,2024-11-06,42.0,Cold,546,0.44029269990626374,44.03,Re-engage Urgently
LEAD_0681,LinkedIn,East,Finance,Large,Priya,19.0,27.0,104,Yes,Positive,1,146788.73,2026-01-12,78.5,Cold,114,0.33715963960721185,33.72,Send Follow-up Email
LEAD_0682,Website,Central,Education,Large,Neha,12.0,11.0,122,No,Negative,1,110154.07,2025-08-27,40.5,Cold,252,0.4064884324790861,40.65,Send Follow-up Email
LEAD_0683,Cold Call,West,Technology,Small,Rahul,15.0,15.0,60,Yes,Positive,0,0.0,2025-11-17,52.5,Warm,170,0.3001705364782879,30.02,Low Priority - Nurture
LEAD_0684,LinkedIn,North,Retail,Small,Priya,12.0,19.0,174,No,Positive,0,0.0,2026-04-10,52.5,Cold,26,0.3448910346398873,34.49,Send Follow-up Email
LEAD_0685,Email Campaign,North,Technology,Enterprise,Sneha,6.0,9.0,170,No,Negative,0,0.0,2025-06-11,25.5,Cold,329,0.3135879919266462,31.36,Low Priority - Nurture
LEAD_0686,Email Campaign,East,Education,Small,Amit,0.0,28.0,31,No,Negative,0,0.0,2025-12-15,42.0,Warm,142,0.36289891709457145,36.29,Send Follow-up Email
LEAD_0687,Referral,West,Retail,Small,Amit,5.0,17.0,169,No,No Response,0,0.0,2024-11-19,35.5,Cold,533,0.37478365295083166,37.48,Send Follow-up Email
LEAD_0688,Referral,South,Healthcare,Enterprise,Sneha,3.0,18.0,173,No,No Response,0,0.0,2025-02-13,33.0,Cold,447,0.34561936097831847,34.56,Send Follow-up Email
LEAD_0689,Email Campaign,Central,Retail,Enterprise,Vikram,5.0,16.0,15,No,Negative,0,0.0,2025-01-29,34.0,Hot,462,0.3821943582345999,38.22,Send Follow-up Email
LEAD_0690,Referral,Central,Healthcare,Large,Rahul,1.0,0.0,152,Yes,Positive,0,0.0,2026-04-15,2.0,Cold,21,0.38847057037660193,38.85,Send Follow-up Email
LEAD_0691,Email Campaign,North,Healthcare,Enterprise,Amit,13.0,11.0,92,No,Negative,1,55587.13,2026-02-21,42.5,Cold,74,0.2943243027783742,29.43,Low Priority - Nurture
LEAD_0692,Cold Call,South,Finance,Large,Vikram,2.0,29.0,177,Yes,Negative,0,0.0,2024-08-23,47.5,Cold,621,0.2969387649336365,29.69,Low Priority - Nurture
LEAD_0693,Cold Call,North,Education,Large,Amit,14.0,21.0,109,No,Negative,0,0.0,2026-03-20,59.5,Cold,47,0.2747470740583484,27.47,Low Priority - Nurture
LEAD_0694,Referral,Central,Technology,Large,Sneha,18.0,12.0,83,Yes,Negative,0,0.0,2026-04-17,54.0,Warm,19,0.36827156117722487,36.83,Send Follow-up Email
LEAD_0695,Cold Call,East,Retail,Large,Priya,19.0,9.0,94,No,Positive,0,0.0,2024-08-09,51.5,Cold,635,0.3648206757962601,36.48,Send Follow-up Email
LEAD_0696,LinkedIn,Central,Finance,Large,Rahul,1.0,9.0,147,No,Positive,0,0.0,2025-08-29,15.5,Cold,250,0.39040891561625624,39.04,Send Follow-up Email
LEAD_0697,LinkedIn,Central,Technology,Large,Rahul,2.0,18.0,136,No,Negative,0,0.0,2025-09-12,31.0,Cold,236,0.3770941202091493,37.71,Send Follow-up Email
LEAD_0698,LinkedIn,East,Education,Large,Sneha,17.0,10.0,52,No,Negative,0,0.0,2025-10-08,49.0,Warm,210,0.35265441652874485,35.27,Send Follow-up Email
LEAD_0699,Email Campaign,West,Education,Medium,Amit,20.0,22.0,133,Yes,No Response,0,0.0,2025-06-27,73.0,Cold,313,0.2850892374471713,28.51,Low Priority - Nurture
LEAD_0700,Referral,East,Education,Enterprise,Vikram,20.0,1.0,134,Yes,Negative,0,0.0,2024-06-04,41.5,Cold,701,0.3849255673877627,38.49,Send Follow-up Email
LEAD_0701,Cold Call,South,Healthcare,Enterprise,Sneha,10.0,27.0,17,Yes,No Response,0,0.0,2025-06-25,60.5,Hot,315,0.2889910371724354,28.9,Low Priority - Nurture
LEAD_0702,Website,South,Healthcare,Medium,Sneha,7.0,3.0,39,Yes,Positive,0,0.0,2025-09-09,18.5,Warm,239,0.4000235434213017,40.0,Send Follow-up Email
LEAD_0703,Website,West,Retail,Enterprise,Sneha,20.0,28.0,10,Yes,Positive,0,0.0,2025-10-18,82.0,Hot,200,0.3374295396161625,33.74,Send Follow-up Email
LEAD_0704,LinkedIn,East,Healthcare,Medium,Neha,1.0,30.0,125,Yes,Positive,0,0.0,2025-02-11,47.0,Cold,449,0.39344614913481013,39.34,Send Follow-up Email
LEAD_0705,Email Campaign,East,Technology,Enterprise,Rahul,2.0,12.0,36,Yes,Positive,1,17169.78,2025-03-30,22.0,Warm,402,0.37085153254439956,37.09,Send Follow-up Email
LEAD_0706,Email Campaign,North,Education,Large,Sneha,2.0,7.0,154,Yes,Negative,0,0.0,2025-04-25,14.5,Cold,376,0.32199904212408814,32.2,Low Priority - Nurture
LEAD_0707,Email Campaign,West,Finance,Enterprise,Priya,4.0,3.0,45,Yes,Negative,0,0.0,2025-04-03,12.5,Warm,398,0.29863125263823814,29.86,Low Priority - Nurture
LEAD_0708,Website,Central,Technology,Enterprise,Vikram,11.0,22.0,29,No,No Response,0,0.0,2025-06-22,55.0,Hot,318,0.42953101078056766,42.95,Call Immediately
LEAD_0709,Cold Call,East,Finance,Large,Sneha,11.0,26.0,79,Yes,No Response,0,0.0,2024-07-31,61.0,Warm,644,0.34951533699540865,34.95,Send Follow-up Email
LEAD_0710,LinkedIn,South,Healthcare,Enterprise,Rahul,20.0,30.0,180,No,No Response,1,92843.14,2026-04-29,85.0,Cold,7,0.2709957844914357,27.1,Low Priority - Nurture
LEAD_0711,Cold Call,West,Retail,Small,Sneha,8.0,9.0,24,Yes,Negative,0,0.0,2026-02-25,29.5,Hot,70,0.2899936527792046,29.0,Low Priority - Nurture
LEAD_0712,Cold Call,West,Healthcare,Enterprise,Amit,8.0,27.0,21,No,Negative,0,0.0,2024-06-22,56.5,Hot,683,0.30253749235428984,30.25,Low Priority - Nurture
LEAD_0713,Website,West,Technology,Medium,Neha,8.0,16.0,17,No,Negative,1,139342.1,2025-07-05,40.0,Hot,305,0.3800258509994173,38.0,Send Follow-up Email
LEAD_0714,Email Campaign,East,Retail,Small,Amit,20.0,20.0,48,No,No Response,0,0.0,2025-03-27,70.0,Warm,405,0.38372151586285835,38.37,Send Follow-up Email
LEAD_0715,Referral,South,Healthcare,Large,Vikram,2.0,3.0,41,Yes,No Response,0,0.0,2025-06-10,8.5,Warm,330,0.37173267807530636,37.17,Send Follow-up Email
LEAD_0716,Cold Call,Central,Retail,Large,Sneha,15.0,27.0,35,No,Positive,1,116303.07,2024-11-22,70.5,Warm,530,0.37912035574499625,37.91,Send Follow-up Email
LEAD_0717,Website,South,Technology,Enterprise,Rahul,5.0,12.0,97,Yes,Positive,1,124881.45,2024-05-14,28.0,Cold,722,0.41084815106623906,41.08,Send Follow-up Email
LEAD_0718,Email Campaign,South,Technology,Enterprise,Priya,8.0,22.0,44,Yes,Negative,1,138851.29,2024-10-16,49.0,Warm,567,0.3243409231325168,32.43,Low Priority - Nurture
LEAD_0719,Email Campaign,East,Finance,Small,Rahul,5.0,30.0,146,Yes,Positive,0,0.0,2024-08-07,55.0,Cold,637,0.39386752200577285,39.39,Send Follow-up Email
LEAD_0720,Referral,West,Technology,Medium,Neha,6.0,0.0,69,No,No Response,1,68098.02,2025-10-18,12.0,Warm,200,0.3583826382235972,35.84,Send Follow-up Email
LEAD_0721,Cold Call,West,Finance,Medium,Rahul,6.0,13.0,47,No,Positive,0,0.0,2026-03-15,31.5,Warm,52,0.28914559446194404,28.91,Low Priority - Nurture
LEAD_0722,Website,South,Education,Enterprise,Priya,11.0,18.0,176,No,Positive,0,0.0,2024-08-03,49.0,Cold,641,0.37823902010570204,37.82,Send Follow-up Email
LEAD_0723,Cold Call,East,Retail,Medium,Neha,12.0,22.0,109,No,Positive,0,0.0,2024-11-22,57.0,Cold,530,0.3658617633336873,36.59,Send Follow-up Email
LEAD_0724,LinkedIn,North,Healthcare,Medium,Sneha,11.0,19.0,172,Yes,Positive,0,0.0,2024-05-13,50.5,Cold,723,0.38787814248334784,38.79,Send Follow-up Email
LEAD_0725,Email Campaign,West,Healthcare,Enterprise,Neha,11.0,4.0,144,Yes,No Response,0,0.0,2024-05-30,28.0,Cold,706,0.31118166162950944,31.12,Low Priority - Nurture
LEAD_0726,Cold Call,Central,Retail,Large,Sneha,4.0,2.0,82,No,Positive,0,0.0,2026-02-08,11.0,Warm,87,0.35214729137878575,35.21,Send Follow-up Email
LEAD_0727,Website,North,Finance,Enterprise,Rahul,11.0,29.0,111,No,Negative,0,0.0,2024-12-16,65.5,Cold,506,0.37711170664384425,37.71,Send Follow-up Email
LEAD_0728,Website,Central,Healthcare,Enterprise,Priya,10.0,23.0,126,Yes,No Response,0,0.0,2024-07-04,54.5,Cold,671,0.43450517946581346,43.45,Re-engage Urgently
LEAD_0729,Referral,North,Finance,Medium,Amit,7.0,5.0,10,No,Negative,1,100325.82,2026-01-11,21.5,Hot,115,0.3793670849919119,37.94,Send Follow-up Email
LEAD_0730,Referral,West,Technology,Enterprise,Amit,14.0,11.0,144,No,No Response,0,0.0,2025-07-11,44.5,Cold,299,0.3182825886233307,31.83,Low Priority - Nurture
LEAD_0731,Cold Call,North,Healthcare,Small,Priya,9.0,5.0,44,No,No Response,0,0.0,2025-10-08,25.5,Warm,210,0.3437556440618346,34.38,Send Follow-up Email
LEAD_0732,Email Campaign,North,Education,Medium,Sneha,2.0,7.0,128,Yes,Negative,1,89923.22,2025-06-07,14.5,Cold,333,0.3346323617734078,33.46,Send Follow-up Email
LEAD_0733,LinkedIn,West,Healthcare,Small,Rahul,4.0,0.0,21,No,No Response,0,0.0,2024-06-26,8.0,Hot,679,0.40088860996637204,40.09,Send Follow-up Email
LEAD_0734,Website,Central,Technology,Large,Amit,20.0,19.0,116,No,No Response,1,70838.05,2025-10-05,68.5,Cold,213,0.4098568468334617,40.99,Send Follow-up Email
LEAD_0735,Email Campaign,South,Finance,Small,Neha,9.0,10.0,15,Yes,No Response,1,136497.36,2024-12-12,33.0,Hot,510,0.3666170072882715,36.66,Send Follow-up Email
LEAD_0736,Referral,East,Finance,Medium,Sneha,2.0,0.0,54,Yes,Negative,1,60301.68,2024-10-07,4.0,Warm,576,0.4337252560008237,43.37,Re-engage Urgently
LEAD_0737,Cold Call,North,Healthcare,Enterprise,Sneha,9.0,28.0,176,Yes,Negative,1,46315.7,2025-09-25,60.0,Cold,223,0.2671218240533763,26.71,Low Priority - Nurture
LEAD_0738,Email Campaign,South,Retail,Enterprise,Sneha,15.0,8.0,145,No,Positive,1,125647.67,2025-04-04,42.0,Cold,397,0.31179891780264696,31.18,Low Priority - Nurture
LEAD_0739,Email Campaign,South,Retail,Enterprise,Amit,1.0,16.0,88,No,No Response,1,122594.18,2025-06-28,26.0,Warm,312,0.3151327020093865,31.51,Low Priority - Nurture
LEAD_0740,Cold Call,West,Education,Small,Rahul,14.0,13.0,21,No,Negative,0,0.0,2025-03-08,47.5,Hot,424,0.3126540105218236,31.27,Low Priority - Nurture
LEAD_0741,Cold Call,East,Finance,Enterprise,Rahul,18.0,1.0,142,Yes,Positive,0,0.0,2026-03-06,37.5,Cold,61,0.2899690864132169,29.0,Low Priority - Nurture
LEAD_0742,Email Campaign,West,Retail,Small,Sneha,18.0,26.0,65,No,Negative,0,0.0,2026-01-29,75.0,Warm,97,0.2941911912921434,29.42,Low Priority - Nurture
LEAD_0743,Email Campaign,North,Technology,Enterprise,Priya,5.0,26.0,101,Yes,Positive,0,0.0,2024-07-29,49.0,Cold,646,0.35472260947805295,35.47,Send Follow-up Email
LEAD_0744,Website,East,Education,Enterprise,Neha,14.0,19.0,68,No,Positive,0,0.0,2024-06-10,56.5,Warm,695,0.43677283615854146,43.68,Re-engage Urgently
LEAD_0745,LinkedIn,Central,Healthcare,Small,Sneha,17.0,0.0,2,No,Positive,0,0.0,2025-06-23,34.0,Hot,317,0.44099984992379104,44.1,Call Immediately
LEAD_0746,Referral,West,Retail,Enterprise,Rahul,19.0,26.0,158,No,No Response,0,0.0,2024-12-14,77.0,Cold,508,0.3210563973665405,32.11,Low Priority - Nurture
LEAD_0747,Referral,East,Technology,Medium,Priya,0.0,6.0,29,Yes,No Response,1,105092.54,2024-11-28,9.0,Hot,524,0.4476359005402037,44.76,Call Immediately
LEAD_0748,Cold Call,West,Finance,Medium,Sneha,20.0,27.0,138,Yes,Positive,1,129556.74,2025-12-11,80.5,Cold,146,0.2611067897345877,26.11,Low Priority - Nurture
LEAD_0749,Referral,South,Retail,Enterprise,Amit,3.0,5.0,40,No,Negative,0,0.0,2024-05-28,13.5,Warm,708,0.3928199504970554,39.28,Send Follow-up Email
LEAD_0750,Referral,Central,Finance,Medium,Rahul,0.0,26.0,101,Yes,Negative,0,0.0,2025-11-03,39.0,Cold,184,0.39652834482186544,39.65,Send Follow-up Email
LEAD_0751,Referral,West,Retail,Large,Amit,15.0,12.0,125,No,Positive,0,0.0,2025-11-14,48.0,Cold,173,0.32648122516025846,32.65,Low Priority - Nurture
LEAD_0752,Referral,Central,Healthcare,Small,Rahul,20.0,13.0,122,Yes,Negative,1,81604.78,2025-09-10,59.5,Cold,238,0.4005173252136949,40.05,Send Follow-up Email
LEAD_0753,Website,West,Retail,Small,Priya,9.0,23.0,50,No,Negative,0,0.0,2025-08-24,52.5,Warm,255,0.3761071135725193,37.61,Send Follow-up Email
LEAD_0754,Email Campaign,South,Education,Large,Vikram,14.0,4.0,76,No,Negative,0,0.0,2024-09-27,34.0,Warm,586,0.33287930040285907,33.29,Send Follow-up Email
LEAD_0755,Website,West,Finance,Medium,Rahul,2.0,21.0,124,Yes,Positive,1,102600.56,2025-03-13,35.5,Cold,419,0.37726575839244975,37.73,Send Follow-up Email
LEAD_0756,Email Campaign,West,Technology,Enterprise,Sneha,9.0,7.0,54,Yes,Positive,0,0.0,2024-10-24,28.5,Warm,559,0.32516057947022503,32.52,Low Priority - Nurture
LEAD_0757,Website,East,Finance,Medium,Vikram,1.0,25.0,17,No,Negative,0,0.0,2024-12-09,39.5,Hot,513,0.45125538457811754,45.13,Call Immediately
LEAD_0758,Cold Call,North,Education,Medium,Sneha,8.0,10.0,91,Yes,No Response,0,0.0,2024-07-04,31.0,Cold,671,0.35226008345966714,35.23,Send Follow-up Email
LEAD_0759,Cold Call,Central,Education,Small,Neha,1.0,29.0,113,No,Positive,0,0.0,2026-01-26,45.5,Cold,100,0.35709614139299806,35.71,Send Follow-up Email
LEAD_0760,Email Campaign,North,Education,Small,Vikram,3.0,0.0,162,Yes,Positive,1,118339.6,2024-08-04,6.0,Cold,640,0.3863544253837406,38.64,Send Follow-up Email
LEAD_0761,Website,West,Education,Enterprise,Neha,3.0,4.0,166,No,Negative,1,27769.72,2024-09-05,12.0,Cold,608,0.3571826041946582,35.72,Send Follow-up Email
LEAD_0762,Cold Call,West,Retail,Small,Priya,15.0,10.0,74,Yes,Positive,1,22832.6,2025-09-09,45.0,Warm,239,0.3036554902657214,30.37,Low Priority - Nurture
LEAD_0763,Referral,East,Finance,Medium,Vikram,13.0,25.0,59,Yes,Negative,0,0.0,2024-12-29,63.5,Warm,493,0.4027280826568932,40.27,Send Follow-up Email
LEAD_0764,Referral,West,Education,Large,Amit,14.0,4.0,3,Yes,Positive,0,0.0,2025-04-12,34.0,Hot,389,0.3577440140382379,35.77,Send Follow-up Email
LEAD_0765,Referral,South,Retail,Small,Sneha,1.0,21.0,165,Yes,No Response,0,0.0,2025-03-31,33.5,Cold,401,0.37696314424634825,37.7,Send Follow-up Email
LEAD_0766,Email Campaign,East,Retail,Enterprise,Neha,17.0,27.0,78,No,Negative,0,0.0,2025-03-02,74.5,Warm,430,0.3350909750644877,33.51,Send Follow-up Email
LEAD_0767,Website,Central,Education,Medium,Neha,12.0,14.0,165,Yes,No Response,0,0.0,2025-09-03,45.0,Cold,245,0.41122579038047896,41.12,Send Follow-up Email
LEAD_0768,Email Campaign,West,Healthcare,Enterprise,Priya,9.0,2.0,10,No,Negative,0,0.0,2025-01-21,21.0,Hot,470,0.3142740489549644,31.43,Low Priority - Nurture
LEAD_0769,Cold Call,Central,Education,Large,Priya,2.0,16.0,142,No,No Response,1,112307.57,2025-02-06,28.0,Cold,454,0.35598196226119244,35.6,Send Follow-up Email
LEAD_0770,Cold Call,North,Technology,Large,Priya,9.0,23.0,109,Yes,No Response,0,0.0,2025-07-29,52.5,Cold,281,0.3057696049439686,30.58,Low Priority - Nurture
LEAD_0771,Website,East,Education,Large,Amit,1.0,24.0,167,Yes,Negative,0,0.0,2024-09-20,38.0,Cold,593,0.40941809134424684,40.94,Send Follow-up Email
LEAD_0772,LinkedIn,West,Healthcare,Medium,Neha,18.0,18.0,161,Yes,Negative,0,0.0,2025-05-18,63.0,Cold,353,0.30191542632503876,30.19,Low Priority - Nurture
LEAD_0773,Email Campaign,South,Retail,Medium,Amit,10.0,16.0,150,Yes,Negative,0,0.0,2025-04-25,44.0,Cold,376,0.313395334944951,31.34,Low Priority - Nurture
LEAD_0774,Cold Call,West,Retail,Small,Amit,1.0,13.0,34,No,Positive,0,0.0,2026-03-05,21.5,Warm,62,0.31157140082540646,31.16,Low Priority - Nurture
LEAD_0775,Website,Central,Retail,Enterprise,Rahul,18.0,15.0,163,No,Negative,0,0.0,2025-07-29,58.5,Cold,281,0.38816875779673016,38.82,Send Follow-up Email
LEAD_0776,Referral,South,Finance,Medium,Sneha,14.0,4.0,132,Yes,No Response,1,142433.9,2025-01-13,34.0,Cold,478,0.36840489570984347,36.84,Send Follow-up Email
LEAD_0777,Referral,North,Finance,Large,Amit,19.0,27.0,105,Yes,No Response,0,0.0,2024-11-14,78.5,Cold,538,0.3689051158136396,36.89,Send Follow-up Email
LEAD_0778,Website,North,Education,Medium,Amit,11.0,9.0,96,No,Negative,0,0.0,2024-08-15,35.5,Cold,629,0.4244994214040685,42.45,Re-engage Urgently
LEAD_0779,Cold Call,South,Education,Enterprise,Amit,9.0,28.0,73,Yes,Positive,0,0.0,2025-09-22,60.0,Warm,226,0.2767077602410734,27.67,Low Priority - Nurture
LEAD_0780,LinkedIn,Central,Healthcare,Small,Amit,13.0,15.0,147,No,No Response,1,75875.08,2024-11-18,48.5,Cold,534,0.4236104407666401,42.36,Re-engage Urgently
LEAD_0781,Website,West,Retail,Medium,Priya,16.0,20.0,118,No,No Response,0,0.0,2024-12-23,62.0,Cold,499,0.37639044687143697,37.64,Send Follow-up Email
LEAD_0782,Website,North,Education,Enterprise,Sneha,7.0,28.0,102,No,No Response,0,0.0,2024-08-03,56.0,Cold,641,0.40098901797617775,40.1,Send Follow-up Email
LEAD_0783,Referral,East,Technology,Medium,Neha,0.0,18.0,162,No,No Response,0,0.0,2025-11-07,27.0,Cold,180,0.39179737098249257,39.18,Send Follow-up Email
LEAD_0784,Email Campaign,North,Finance,Small,Vikram,16.0,6.0,122,Yes,Positive,0,0.0,2025-09-27,41.0,Cold,221,0.34330493885670105,34.33,Send Follow-up Email
LEAD_0785,LinkedIn,East,Finance,Medium,Neha,18.0,14.0,22,No,Negative,1,82119.62,2026-01-06,57.0,Hot,120,0.3618092607152373,36.18,Send Follow-up Email
LEAD_0786,Referral,North,Healthcare,Enterprise,Priya,13.0,0.0,136,No,Negative,0,0.0,2025-12-25,26.0,Cold,132,0.3333012291014477,33.33,Send Follow-up Email
LEAD_0787,LinkedIn,North,Education,Medium,Rahul,0.0,5.0,66,Yes,Positive,0,0.0,2025-05-10,7.5,Warm,361,0.3853761801327812,38.54,Send Follow-up Email
LEAD_0788,Referral,South,Technology,Large,Priya,0.0,22.0,15,No,Negative,0,0.0,2025-02-19,33.0,Hot,441,0.38274907938885344,38.27,Send Follow-up Email
LEAD_0789,Cold Call,West,Healthcare,Large,Sneha,3.0,1.0,52,Yes,No Response,0,0.0,2026-04-18,7.5,Warm,18,0.2714860202764299,27.15,Low Priority - Nurture
LEAD_0790,Referral,Central,Education,Enterprise,Amit,8.0,1.0,82,No,No Response,0,0.0,2024-10-22,17.5,Warm,561,0.4256290415843925,42.56,Re-engage Urgently
LEAD_0791,Referral,North,Retail,Medium,Amit,8.0,17.0,151,Yes,Positive,0,0.0,2024-08-14,41.5,Cold,630,0.4093909914848519,40.94,Send Follow-up Email
LEAD_0792,Cold Call,East,Education,Enterprise,Sneha,2.0,27.0,163,Yes,Positive,1,99474.88,2026-01-19,44.5,Cold,107,0.2909081153322069,29.09,Low Priority - Nurture
LEAD_0793,Cold Call,South,Education,Enterprise,Vikram,14.0,0.0,1,No,No Response,0,0.0,2025-01-07,28.0,Hot,484,0.3148748676885768,31.49,Low Priority - Nurture
LEAD_0794,Cold Call,North,Technology,Enterprise,Rahul,19.0,8.0,175,No,Negative,0,0.0,2025-07-26,50.0,Cold,284,0.2812004963361022,28.12,Low Priority - Nurture
LEAD_0795,Email Campaign,East,Technology,Medium,Neha,17.0,18.0,18,No,Positive,1,35849.35,2025-11-21,61.0,Hot,166,0.36804466053184,36.8,Send Follow-up Email
LEAD_0796,LinkedIn,South,Education,Large,Sneha,6.0,19.0,130,No,No Response,0,0.0,2025-03-23,40.5,Cold,409,0.3353246355402885,33.53,Send Follow-up Email
LEAD_0797,Referral,East,Finance,Large,Rahul,6.0,14.0,154,No,Positive,1,97099.63,2025-01-28,33.0,Cold,463,0.4039111690172509,40.39,Send Follow-up Email
LEAD_0798,LinkedIn,Central,Retail,Small,Amit,5.0,13.0,143,No,Negative,1,24390.23,2024-11-10,29.5,Cold,542,0.42789763789889423,42.79,Re-engage Urgently
LEAD_0799,LinkedIn,Central,Technology,Enterprise,Neha,3.0,11.0,97,No,Negative,0,0.0,2026-03-19,22.5,Cold,48,0.3564649860726032,35.65,Send Follow-up Email
LEAD_0800,LinkedIn,North,Retail,Large,Priya,14.0,0.0,57,Yes,Negative,0,0.0,2026-04-04,28.0,Warm,32,0.3262257137668927,32.62,Low Priority - Nurture
LEAD_0801,Cold Call,North,Education,Large,Neha,7.0,7.0,127,No,Positive,1,107833.68,2025-04-25,24.5,Cold,376,0.32404262797130784,32.4,Low Priority - Nurture
LEAD_0802,Email Campaign,South,Technology,Medium,Neha,12.0,3.0,72,No,Positive,0,0.0,2024-12-08,28.5,Warm,514,0.3655337132408696,36.55,Send Follow-up Email
LEAD_0803,Email Campaign,Central,Education,Medium,Amit,18.0,4.0,17,Yes,Negative,0,0.0,2026-02-24,42.0,Hot,71,0.35245879995468504,35.25,Send Follow-up Email
LEAD_0804,Email Campaign,East,Finance,Small,Neha,17.0,19.0,65,No,Positive,1,129044.45,2025-07-13,62.5,Warm,297,0.3773436510280085,37.73,Send Follow-up Email
LEAD_0805,LinkedIn,East,Retail,Enterprise,Rahul,3.0,21.0,133,No,Negative,1,97940.11,2024-08-14,37.5,Cold,630,0.37818300072876804,37.82,Send Follow-up Email
LEAD_0806,LinkedIn,South,Technology,Large,Sneha,17.0,14.0,81,Yes,Negative,0,0.0,2024-06-25,55.0,Warm,680,0.35491184039322216,35.49,Send Follow-up Email
LEAD_0807,LinkedIn,Central,Technology,Medium,Neha,13.0,30.0,20,Yes,Positive,0,0.0,2024-09-27,71.0,Hot,586,0.43750394435611173,43.75,Call Immediately
LEAD_0808,Website,North,Technology,Small,Sneha,13.0,25.0,7,No,Negative,0,0.0,2025-10-30,63.5,Hot,188,0.41205690501661846,41.21,Send Follow-up Email
LEAD_0809,Referral,South,Healthcare,Small,Rahul,16.0,25.0,61,Yes,No Response,0,0.0,2026-02-26,69.5,Warm,69,0.347611834284876,34.76,Send Follow-up Email
LEAD_0810,LinkedIn,West,Education,Small,Amit,1.0,29.0,9,No,Negative,0,0.0,2024-07-06,45.5,Hot,669,0.3790714117345269,37.91,Send Follow-up Email
LEAD_0811,Cold Call,North,Retail,Small,Rahul,19.0,20.0,111,Yes,Positive,1,105537.73,2024-10-03,68.0,Cold,580,0.35309332623743733,35.31,Send Follow-up Email
LEAD_0812,Website,West,Retail,Small,Vikram,13.0,7.0,154,Yes,Negative,1,86092.42,2025-12-08,36.5,Cold,149,0.3458742599759871,34.59,Send Follow-up Email
LEAD_0813,Referral,Central,Education,Small,Rahul,20.0,30.0,173,Yes,Negative,0,0.0,2025-12-15,85.0,Cold,142,0.3702908710816514,37.03,Send Follow-up Email
LEAD_0814,Email Campaign,South,Technology,Small,Amit,19.0,22.0,18,Yes,No Response,0,0.0,2025-01-12,71.0,Hot,479,0.355553062630937,35.56,Send Follow-up Email
LEAD_0815,Email Campaign,East,Healthcare,Enterprise,Sneha,19.0,14.0,48,Yes,Positive,0,0.0,2024-08-07,59.0,Warm,637,0.36928599800985357,36.93,Send Follow-up Email
LEAD_0816,Website,Central,Retail,Large,Rahul,18.0,28.0,139,Yes,Positive,1,13771.22,2024-09-03,78.0,Cold,610,0.4401382242231944,44.01,Re-engage Urgently
LEAD_0817,Email Campaign,East,Healthcare,Large,Amit,16.0,18.0,169,Yes,Positive,0,0.0,2025-01-16,59.0,Cold,475,0.3473849935804338,34.74,Send Follow-up Email
LEAD_0818,Email Campaign,North,Retail,Large,Priya,6.0,20.0,52,Yes,Negative,0,0.0,2025-10-06,42.0,Warm,212,0.3220843947554086,32.21,Low Priority - Nurture
LEAD_0819,Referral,West,Education,Large,Vikram,18.0,30.0,86,No,Negative,0,0.0,2025-05-18,81.0,Warm,353,0.31725344664963023,31.73,Low Priority - Nurture
LEAD_0820,LinkedIn,West,Technology,Enterprise,Priya,0.0,20.0,58,Yes,Negative,0,0.0,2024-12-08,30.0,Warm,514,0.32694010374059396,32.69,Low Priority - Nurture
LEAD_0821,Cold Call,West,Healthcare,Enterprise,Priya,12.0,5.0,2,No,Positive,0,0.0,2024-06-12,31.5,Hot,693,0.3265871568491112,32.66,Low Priority - Nurture
LEAD_0822,LinkedIn,Central,Technology,Medium,Rahul,14.0,6.0,162,No,Positive,0,0.0,2025-01-25,37.0,Cold,466,0.41716629651314885,41.72,Send Follow-up Email
LEAD_0823,Website,South,Finance,Large,Neha,5.0,10.0,142,Yes,Positive,1,33872.82,2025-06-20,25.0,Cold,320,0.3726432405315993,37.26,Send Follow-up Email
LEAD_0824,Cold Call,East,Technology,Small,Neha,4.0,12.0,168,Yes,Negative,0,0.0,2024-12-27,26.0,Cold,495,0.35734698416063376,35.73,Send Follow-up Email
LEAD_0825,Cold Call,East,Healthcare,Medium,Vikram,19.0,28.0,112,Yes,Positive,1,49235.49,2025-10-04,80.0,Cold,214,0.3205773160958924,32.06,Low Priority - Nurture
LEAD_0826,Cold Call,South,Finance,Enterprise,Neha,11.0,10.0,154,No,No Response,0,0.0,2026-01-02,37.0,Cold,124,0.2630016629930959,26.3,Low Priority - Nurture
LEAD_0827,LinkedIn,Central,Education,Medium,Vikram,9.0,25.0,39,No,Positive,0,0.0,2025-09-23,55.5,Warm,225,0.4033313721782837,40.33,Send Follow-up Email
LEAD_0828,Website,South,Education,Enterprise,Priya,2.0,25.0,121,Yes,No Response,0,0.0,2026-02-17,41.5,Cold,78,0.3287028146822434,32.87,Low Priority - Nurture
LEAD_0829,Email Campaign,East,Retail,Enterprise,Priya,10.0,22.0,96,No,No Response,0,0.0,2025-09-10,53.0,Cold,238,0.3310743116633984,33.11,Send Follow-up Email
LEAD_0830,Email Campaign,West,Education,Small,Priya,7.0,28.0,52,No,Positive,1,73694.93,2025-03-18,56.0,Warm,414,0.3395706625478329,33.96,Send Follow-up Email
LEAD_0831,Website,West,Retail,Medium,Rahul,8.0,17.0,22,Yes,Positive,0,0.0,2024-07-19,41.5,Hot,656,0.41848418755212624,41.85,Send Follow-up Email
LEAD_0832,Email Campaign,East,Finance,Small,Sneha,16.0,19.0,87,No,Negative,0,0.0,2025-06-22,60.5,Warm,318,0.3608654623676892,36.09,Send Follow-up Email
LEAD_0833,Referral,East,Retail,Large,Rahul,12.0,0.0,46,No,Positive,0,0.0,2024-06-25,24.0,Warm,680,0.4499399100224524,44.99,Re-engage Urgently
LEAD_0834,LinkedIn,East,Technology,Large,Vikram,16.0,17.0,165,Yes,Negative,0,0.0,2024-08-07,57.5,Cold,637,0.3717530698086479,37.18,Send Follow-up Email
LEAD_0835,LinkedIn,East,Technology,Medium,Rahul,6.0,21.0,85,No,Negative,1,19269.32,2024-12-05,43.5,Warm,517,0.4017096654016259,40.17,Send Follow-up Email
LEAD_0836,Website,South,Education,Medium,Neha,17.0,29.0,67,Yes,Negative,1,116430.01,2025-11-30,77.5,Warm,157,0.3467997341072321,34.68,Send Follow-up Email
LEAD_0837,Website,West,Retail,Small,Sneha,20.0,16.0,39,No,Positive,0,0.0,2025-06-18,64.0,Warm,322,0.39300190464518225,39.3,Send Follow-up Email
LEAD_0838,Cold Call,West,Finance,Enterprise,Neha,0.0,10.0,22,No,Positive,0,0.0,2026-02-22,15.0,Hot,73,0.27837858082489547,27.84,Low Priority - Nurture
LEAD_0839,Referral,South,Retail,Enterprise,Vikram,0.0,11.0,36,Yes,Negative,0,0.0,2025-04-25,16.5,Warm,376,0.3568531726243395,35.69,Send Follow-up Email
LEAD_0840,Website,East,Finance,Enterprise,Sneha,12.0,24.0,177,No,Negative,1,6403.77,2025-10-17,60.0,Cold,201,0.35731788491344735,35.73,Send Follow-up Email
LEAD_0841,Email Campaign,North,Finance,Medium,Rahul,18.0,20.0,155,No,Negative,0,0.0,2024-05-20,66.0,Cold,716,0.35226301009756217,35.23,Send Follow-up Email
LEAD_0842,Referral,North,Education,Enterprise,Priya,15.0,3.0,85,No,No Response,0,0.0,2025-05-31,34.5,Warm,340,0.36040665464390936,36.04,Send Follow-up Email
LEAD_0843,LinkedIn,Central,Finance,Small,Neha,19.0,15.0,7,Yes,Positive,1,18520.02,2025-08-07,60.5,Hot,272,0.41771326839437367,41.77,Send Follow-up Email
LEAD_0844,Referral,East,Finance,Medium,Rahul,16.0,2.0,117,Yes,Negative,0,0.0,2025-11-08,35.0,Cold,179,0.37123844668830314,37.12,Send Follow-up Email
LEAD_0845,Cold Call,East,Retail,Enterprise,Priya,3.0,4.0,138,No,Negative,0,0.0,2024-05-22,12.0,Cold,714,0.35307284373826164,35.31,Send Follow-up Email
LEAD_0846,Cold Call,South,Finance,Large,Sneha,15.0,5.0,155,No,No Response,1,61403.97,2025-03-26,37.5,Cold,406,0.29468952567660356,29.47,Low Priority - Nurture
LEAD_0847,Referral,East,Finance,Small,Priya,14.0,2.0,103,Yes,No Response,0,0.0,2024-06-25,31.0,Cold,680,0.4437834305729308,44.38,Re-engage Urgently
LEAD_0848,Email Campaign,West,Retail,Enterprise,Vikram,1.0,23.0,24,No,No Response,0,0.0,2026-01-04,36.5,Hot,122,0.2904823494829555,29.05,Low Priority - Nurture
LEAD_0849,Website,West,Education,Medium,Sneha,7.0,5.0,159,No,Negative,1,71164.46,2026-01-24,21.5,Cold,102,0.33451947799958215,33.45,Send Follow-up Email
LEAD_0850,Cold Call,Central,Technology,Enterprise,Neha,1.0,7.0,41,No,No Response,0,0.0,2024-05-14,12.5,Warm,722,0.39942979130219947,39.94,Send Follow-up Email
LEAD_0851,LinkedIn,South,Retail,Enterprise,Vikram,3.0,11.0,20,Yes,No Response,0,0.0,2026-03-05,22.5,Hot,62,0.31800669664818293,31.8,Low Priority - Nurture
LEAD_0852,Referral,South,Healthcare,Medium,Vikram,1.0,14.0,7,Yes,No Response,1,52271.9,2026-02-17,23.0,Hot,78,0.36347298158909247,36.35,Send Follow-up Email
LEAD_0853,Referral,East,Retail,Medium,Sneha,1.0,0.0,65,Yes,No Response,1,113711.74,2024-08-01,2.0,Warm,643,0.45198118116936575,45.2,Re-engage Urgently
LEAD_0854,Referral,West,Retail,Small,Amit,17.0,21.0,63,No,Positive,1,52431.0,2026-02-24,65.5,Warm,71,0.3467060776551361,34.67,Send Follow-up Email
LEAD_0855,Website,South,Finance,Small,Vikram,3.0,5.0,76,Yes,No Response,0,0.0,2024-05-09,13.5,Warm,727,0.44533318390670823,44.53,Re-engage Urgently
LEAD_0856,LinkedIn,East,Finance,Enterprise,Rahul,5.0,6.0,9,Yes,Negative,1,29425.74,2025-10-10,19.0,Hot,208,0.35576807300912633,35.58,Send Follow-up Email
LEAD_0857,Email Campaign,North,Retail,Large,Sneha,1.0,19.0,2,Yes,Negative,1,126292.67,2026-02-27,30.5,Hot,68,0.32270319378052037,32.27,Low Priority - Nurture
LEAD_0858,Website,South,Finance,Small,Amit,13.0,0.0,4,No,Positive,1,139678.98,2025-12-26,26.0,Hot,131,0.40941460606237584,40.94,Send Follow-up Email
LEAD_0859,LinkedIn,South,Finance,Small,Sneha,16.0,3.0,84,No,No Response,1,14159.87,2024-05-17,36.5,Warm,719,0.39691844486707134,39.69,Send Follow-up Email
LEAD_0860,Email Campaign,South,Education,Enterprise,Sneha,3.0,7.0,55,Yes,Negative,0,0.0,2024-09-10,16.5,Warm,603,0.32790268302407705,32.79,Low Priority - Nurture
LEAD_0861,LinkedIn,West,Healthcare,Small,Sneha,6.0,14.0,57,Yes,No Response,0,0.0,2025-11-08,33.0,Warm,179,0.3349818747114813,33.5,Send Follow-up Email
LEAD_0862,Website,North,Technology,Medium,Sneha,9.0,24.0,154,No,Positive,1,99242.02,2025-08-03,54.0,Cold,276,0.4008246162935196,40.08,Send Follow-up Email
LEAD_0863,Email Campaign,South,Healthcare,Small,Vikram,10.0,20.0,179,No,No Response,1,119732.67,2024-07-31,50.0,Cold,644,0.3534541948169651,35.35,Send Follow-up Email
LEAD_0864,Cold Call,East,Finance,Large,Neha,15.0,2.0,86,Yes,No Response,1,116853.93,2024-08-30,33.0,Warm,614,0.3527150625940616,35.27,Send Follow-up Email
LEAD_0865,Email Campaign,South,Education,Small,Priya,0.0,19.0,32,No,Positive,1,70092.18,2025-04-21,28.5,Warm,380,0.36783944710497485,36.78,Send Follow-up Email
LEAD_0866,Email Campaign,North,Technology,Medium,Rahul,15.0,9.0,52,Yes,Negative,1,114800.63,2024-05-20,43.5,Warm,716,0.3780997106360111,37.81,Send Follow-up Email
LEAD_0867,LinkedIn,South,Education,Enterprise,Neha,10.0,4.0,72,No,No Response,0,0.0,2025-01-17,26.0,Warm,474,0.3415341052980643,34.15,Send Follow-up Email
LEAD_0868,Referral,East,Technology,Medium,Neha,10.0,10.0,63,Yes,No Response,1,10743.08,2025-01-21,35.0,Warm,470,0.4247089705303037,42.47,Re-engage Urgently
LEAD_0869,Cold Call,South,Education,Enterprise,Vikram,10.0,5.0,114,Yes,Positive,0,0.0,2025-07-23,27.5,Cold,287,0.28351296249332203,28.35,Low Priority - Nurture
LEAD_0870,Cold Call,North,Finance,Medium,Priya,2.0,5.0,152,Yes,Positive,1,15147.81,2024-10-06,11.5,Cold,577,0.35077646857628086,35.08,Send Follow-up Email
LEAD_0871,Referral,West,Healthcare,Medium,Neha,6.0,7.0,109,Yes,No Response,0,0.0,2025-02-22,22.5,Cold,438,0.3589976919881503,35.9,Send Follow-up Email
LEAD_0872,Website,Central,Retail,Medium,Rahul,15.0,2.0,93,No,Negative,0,0.0,2024-08-12,33.0,Cold,632,0.47006686290165506,47.01,Re-engage Urgently
LEAD_0873,Referral,West,Education,Enterprise,Priya,15.0,0.0,98,No,Positive,0,0.0,2024-09-02,30.0,Cold,611,0.35588802583422346,35.59,Send Follow-up Email
LEAD_0874,Email Campaign,Central,Finance,Medium,Rahul,12.0,14.0,79,No,Negative,1,138622.21,2024-07-04,45.0,Warm,671,0.4060753417752798,40.61,Send Follow-up Email
LEAD_0875,Email Campaign,West,Technology,Large,Priya,0.0,6.0,40,Yes,Positive,0,0.0,2025-04-03,9.0,Warm,398,0.3338597037036753,33.39,Send Follow-up Email
LEAD_0876,Email Campaign,East,Retail,Enterprise,Sneha,12.0,23.0,96,No,Negative,0,0.0,2024-09-21,58.5,Cold,592,0.3524215689467433,35.24,Send Follow-up Email
LEAD_0877,Email Campaign,North,Retail,Small,Amit,12.0,29.0,145,Yes,Positive,0,0.0,2026-04-24,67.5,Cold,12,0.31926188396943317,31.93,Low Priority - Nurture
LEAD_0878,Website,Central,Retail,Large,Neha,1.0,20.0,99,No,No Response,1,143779.05,2025-07-03,32.0,Cold,307,0.4371744573417466,43.72,Re-engage Urgently
LEAD_0879,Referral,North,Healthcare,Small,Neha,20.0,4.0,67,No,No Response,0,0.0,2026-02-08,46.0,Warm,87,0.37817124165922483,37.82,Send Follow-up Email
LEAD_0880,Cold Call,Central,Education,Medium,Amit,3.0,24.0,24,No,Negative,0,0.0,2024-06-21,42.0,Hot,684,0.3982146306813055,39.82,Send Follow-up Email
LEAD_0881,LinkedIn,Central,Finance,Enterprise,Priya,13.0,8.0,178,No,No Response,1,146251.11,2024-12-09,38.0,Cold,513,0.3777785428341691,37.78,Send Follow-up Email
LEAD_0882,Referral,Central,Healthcare,Enterprise,Neha,2.0,3.0,163,No,Positive,1,100480.48,2024-07-10,8.5,Cold,665,0.4382783156990712,43.83,Re-engage Urgently
LEAD_0883,Cold Call,West,Healthcare,Small,Priya,15.0,0.0,25,Yes,No Response,0,0.0,2024-11-05,30.0,Hot,547,0.33256120390004773,33.26,Send Follow-up Email
LEAD_0884,Referral,East,Retail,Medium,Priya,11.0,5.0,35,Yes,Negative,0,0.0,2025-05-05,29.5,Warm,366,0.41098441874147235,41.1,Send Follow-up Email
LEAD_0885,LinkedIn,West,Education,Medium,Priya,6.0,1.0,47,Yes,Negative,0,0.0,2024-10-17,13.5,Warm,566,0.35225350933442057,35.23,Send Follow-up Email
LEAD_0886,Referral,Central,Technology,Medium,Amit,9.0,2.0,97,Yes,Negative,1,131384.25,2024-08-19,21.0,Cold,625,0.44889240222304955,44.89,Re-engage Urgently
LEAD_0887,LinkedIn,Central,Finance,Enterprise,Sneha,3.0,0.0,16,No,Positive,0,0.0,2026-03-27,6.0,Hot,40,0.3836533045919921,38.37,Send Follow-up Email
LEAD_0888,LinkedIn,North,Finance,Small,Sneha,19.0,16.0,69,No,Negative,1,119435.04,2024-10-21,62.0,Warm,562,0.38672759969869924,38.67,Send Follow-up Email
LEAD_0889,Website,East,Healthcare,Large,Priya,11.0,21.0,103,No,No Response,1,92633.87,2025-09-18,53.5,Cold,230,0.39812379353250466,39.81,Send Follow-up Email
LEAD_0890,Website,East,Technology,Small,Sneha,12.0,23.0,36,Yes,No Response,0,0.0,2026-04-26,58.5,Warm,10,0.41200249132683536,41.2,Send Follow-up Email
LEAD_0891,Email Campaign,East,Finance,Large,Sneha,19.0,21.0,169,No,No Response,0,0.0,2026-01-20,69.5,Cold,106,0.3085084039007259,30.85,Low Priority - Nurture
LEAD_0892,Cold Call,North,Healthcare,Small,Neha,11.0,27.0,12,No,No Response,0,0.0,2025-07-30,62.5,Hot,280,0.343926834828503,34.39,Send Follow-up Email
LEAD_0893,Email Campaign,West,Retail,Small,Rahul,13.0,30.0,122,Yes,No Response,0,0.0,2024-10-21,71.0,Cold,562,0.32756278327501326,32.76,Low Priority - Nurture
LEAD_0894,Email Campaign,South,Finance,Small,Priya,15.0,25.0,23,No,No Response,0,0.0,2024-10-28,67.5,Hot,555,0.3634635941638704,36.35,Send Follow-up Email
LEAD_0895,Referral,South,Retail,Small,Sneha,17.0,7.0,63,Yes,No Response,1,148146.84,2025-12-15,44.5,Warm,142,0.3630696256487756,36.31,Send Follow-up Email
LEAD_0896,LinkedIn,North,Retail,Small,Priya,0.0,28.0,99,No,Positive,1,100663.04,2025-12-28,42.0,Cold,129,0.3737999540689758,37.38,Send Follow-up Email
LEAD_0897,LinkedIn,South,Education,Enterprise,Amit,10.0,27.0,58,Yes,No Response,1,101560.24,2025-12-10,60.5,Warm,147,0.30042517555914444,30.04,Low Priority - Nurture
LEAD_0898,Referral,Central,Retail,Medium,Priya,8.0,3.0,75,Yes,Positive,0,0.0,2026-02-14,20.5,Warm,81,0.41539797637205006,41.54,Send Follow-up Email
LEAD_0899,Email Campaign,South,Technology,Large,Priya,10.0,30.0,98,Yes,Negative,0,0.0,2024-07-31,65.0,Cold,644,0.3289037255641014,32.89,Low Priority - Nurture
LEAD_0900,Email Campaign,South,Retail,Enterprise,Rahul,11.0,25.0,174,Yes,No Response,0,0.0,2025-10-30,59.5,Cold,188,0.2743308531204407,27.43,Low Priority - Nurture
LEAD_0901,LinkedIn,West,Technology,Enterprise,Rahul,4.0,26.0,76,Yes,Negative,1,90662.52,2024-12-30,47.0,Warm,492,0.3161882651521439,31.62,Low Priority - Nurture
LEAD_0902,Website,South,Technology,Large,Rahul,16.0,22.0,32,No,No Response,1,26376.68,2026-01-09,65.0,Warm,117,0.36334876309887076,36.33,Send Follow-up Email
LEAD_0903,Cold Call,West,Healthcare,Enterprise,Amit,10.0,4.0,54,Yes,No Response,0,0.0,2025-06-25,26.0,Warm,315,0.27675590715811516,27.68,Low Priority - Nurture
LEAD_0904,Cold Call,West,Retail,Large,Neha,5.0,0.0,141,No,Negative,1,138857.89,2025-10-30,10.0,Cold,188,0.2709631907189854,27.1,Low Priority - Nurture
LEAD_0905,Referral,East,Retail,Enterprise,Amit,16.0,23.0,73,No,No Response,0,0.0,2025-08-18,66.5,Warm,261,0.36999624967721945,37.0,Send Follow-up Email
LEAD_0906,Email Campaign,West,Technology,Medium,Rahul,18.0,27.0,14,No,Negative,1,106660.76,2025-03-24,76.5,Hot,408,0.31804853542608674,31.8,Low Priority - Nurture
LEAD_0907,Referral,West,Healthcare,Medium,Priya,6.0,25.0,51,Yes,Negative,1,88687.82,2024-06-12,49.5,Warm,693,0.37635112254930925,37.64,Send Follow-up Email
LEAD_0908,Cold Call,West,Retail,Medium,Amit,3.0,11.0,122,Yes,Positive,1,88473.9,2024-12-19,22.5,Cold,503,0.3158632901075109,31.59,Low Priority - Nurture
LEAD_0909,Email Campaign,East,Education,Enterprise,Priya,20.0,23.0,104,Yes,Positive,0,0.0,2026-05-01,74.5,Cold,5,0.29655412165200096,29.66,Low Priority - Nurture
LEAD_0910,Referral,West,Healthcare,Medium,Neha,12.0,24.0,178,Yes,Negative,0,0.0,2025-09-11,60.0,Cold,237,0.3101888713081159,31.02,Low Priority - Nurture
LEAD_0911,Website,West,Healthcare,Small,Amit,3.0,2.0,32,No,No Response,1,99295.09,2024-08-29,9.0,Warm,615,0.43421447984092865,43.42,Call Immediately
LEAD_0912,LinkedIn,Central,Education,Enterprise,Rahul,3.0,25.0,152,Yes,Negative,1,78913.53,2025-10-11,43.5,Cold,207,0.34012740487499066,34.01,Send Follow-up Email
LEAD_0913,Referral,East,Education,Medium,Amit,10.0,2.0,138,Yes,Negative,0,0.0,2026-01-19,23.0,Cold,107,0.3642809330268909,36.43,Send Follow-up Email
LEAD_0914,Email Campaign,Central,Education,Enterprise,Amit,16.0,26.0,150,Yes,Positive,1,7863.23,2026-05-02,71.0,Cold,4,0.3075416380641899,30.75,Low Priority - Nurture
LEAD_0915,Cold Call,Central,Finance,Small,Vikram,14.0,25.0,81,Yes,Positive,1,135152.33,2025-02-19,65.5,Warm,441,0.3794302291441489,37.94,Send Follow-up Email
LEAD_0916,Cold Call,South,Technology,Large,Amit,2.0,3.0,130,No,Negative,0,0.0,2025-12-02,8.5,Cold,155,0.28869741129290194,28.87,Low Priority - Nurture
LEAD_0917,LinkedIn,South,Healthcare,Small,Vikram,9.0,21.0,137,No,Positive,1,29882.46,2025-07-25,49.5,Cold,285,0.35618953515423,35.62,Send Follow-up Email
LEAD_0918,Website,Central,Healthcare,Medium,Neha,3.0,21.0,12,Yes,Positive,0,0.0,2025-07-09,37.5,Hot,301,0.46289903423754863,46.29,Call Immediately
LEAD_0919,Website,South,Finance,Medium,Vikram,11.0,8.0,33,No,Positive,0,0.0,2024-12-03,34.0,Warm,519,0.4257229791092567,42.57,Call Immediately
LEAD_0920,Website,West,Finance,Enterprise,Sneha,2.0,30.0,66,No,No Response,0,0.0,2025-08-25,49.0,Warm,254,0.3420142104370827,34.2,Send Follow-up Email
LEAD_0921,Cold Call,North,Healthcare,Medium,Neha,11.0,18.0,169,Yes,Negative,0,0.0,2026-05-01,49.0,Cold,5,0.2752388284541209,27.52,Low Priority - Nurture
LEAD_0922,Referral,West,Technology,Medium,Amit,0.0,3.0,137,Yes,No Response,1,50872.25,2024-06-11,4.5,Cold,694,0.38917085069288715,38.92,Send Follow-up Email
LEAD_0923,LinkedIn,East,Technology,Large,Rahul,8.0,4.0,58,No,Positive,0,0.0,2024-05-28,22.0,Warm,708,0.43370502508264513,43.37,Re-engage Urgently
LEAD_0924,Cold Call,West,Technology,Small,Priya,16.0,23.0,79,No,Positive,0,0.0,2025-11-01,66.5,Warm,186,0.3001558250464573,30.02,Low Priority - Nurture
LEAD_0925,Email Campaign,East,Education,Large,Vikram,3.0,28.0,13,Yes,Negative,0,0.0,2025-08-04,48.0,Hot,275,0.3439632831994689,34.4,Send Follow-up Email
LEAD_0926,Website,Central,Education,Enterprise,Sneha,18.0,4.0,67,Yes,No Response,1,61486.68,2025-12-16,42.0,Warm,141,0.3919703444279956,39.2,Send Follow-up Email
LEAD_0927,Cold Call,South,Finance,Enterprise,Vikram,8.0,1.0,164,No,No Response,0,0.0,2024-10-14,17.5,Cold,569,0.30248338608433134,30.25,Low Priority - Nurture
LEAD_0928,Referral,West,Finance,Enterprise,Rahul,14.0,16.0,74,No,Negative,1,103341.21,2025-01-17,52.0,Warm,474,0.3290299807604821,32.9,Low Priority - Nurture
LEAD_0929,Cold Call,East,Technology,Large,Sneha,10.0,27.0,24,Yes,Positive,0,0.0,2025-03-16,60.5,Hot,416,0.35320712406997706,35.32,Send Follow-up Email
LEAD_0930,Cold Call,Central,Technology,Small,Neha,9.0,17.0,127,Yes,Negative,1,142005.71,2024-07-07,43.5,Cold,668,0.3915535159172016,39.16,Send Follow-up Email
LEAD_0931,Cold Call,West,Retail,Small,Sneha,0.0,19.0,49,Yes,No Response,1,140204.01,2024-07-14,28.5,Warm,661,0.3454550443362497,34.55,Send Follow-up Email
LEAD_0932,Email Campaign,East,Finance,Small,Vikram,14.0,30.0,44,Yes,Positive,0,0.0,2026-02-14,73.0,Warm,81,0.35292476092644803,35.29,Send Follow-up Email
LEAD_0933,Cold Call,Central,Healthcare,Small,Sneha,15.0,12.0,44,No,Positive,0,0.0,2024-06-16,48.0,Warm,689,0.4232472788781701,42.32,Call Immediately
LEAD_0934,Cold Call,Central,Technology,Large,Rahul,15.0,9.0,68,Yes,Positive,0,0.0,2026-01-04,43.5,Warm,122,0.3407912718721299,34.08,Send Follow-up Email
LEAD_0935,Cold Call,East,Education,Small,Sneha,19.0,27.0,125,Yes,Negative,1,87482.08,2024-10-28,78.5,Cold,555,0.34140548501636125,34.14,Send Follow-up Email
LEAD_0936,Referral,East,Healthcare,Large,Amit,0.0,11.0,48,No,Negative,0,0.0,2025-02-12,16.5,Warm,448,0.4150303435012587,41.5,Send Follow-up Email
LEAD_0937,Referral,West,Finance,Small,Vikram,16.0,28.0,40,No,Positive,0,0.0,2025-03-05,74.0,Warm,427,0.37602320756942087,37.6,Send Follow-up Email
LEAD_0938,Website,South,Retail,Enterprise,Rahul,9.0,11.0,110,Yes,No Response,1,6002.02,2025-12-10,34.5,Cold,147,0.34288715937972847,34.29,Send Follow-up Email
LEAD_0939,Referral,West,Finance,Medium,Rahul,13.0,0.0,92,Yes,Positive,1,20760.77,2025-02-03,26.0,Cold,457,0.36594715378677,36.59,Send Follow-up Email
LEAD_0940,LinkedIn,South,Retail,Enterprise,Neha,0.0,28.0,9,Yes,No Response,0,0.0,2024-09-22,42.0,Hot,591,0.3612320701406928,36.12,Send Follow-up Email
LEAD_0941,Referral,East,Technology,Enterprise,Sneha,17.0,15.0,175,Yes,Negative,0,0.0,2025-11-21,56.5,Cold,166,0.33513781893391653,33.51,Send Follow-up Email
LEAD_0942,Referral,Central,Retail,Medium,Amit,3.0,25.0,6,Yes,Positive,1,118148.94,2024-07-27,43.5,Hot,648,0.47691387856877926,47.69,Call Immediately
LEAD_0943,LinkedIn,South,Technology,Large,Sneha,19.0,23.0,3,No,Negative,0,0.0,2024-12-28,72.5,Hot,494,0.35220009762665655,35.22,Send Follow-up Email
LEAD_0944,Referral,North,Retail,Medium,Vikram,4.0,23.0,131,Yes,Positive,0,0.0,2025-03-18,42.5,Cold,414,0.3937333461199823,39.37,Send Follow-up Email
LEAD_0945,LinkedIn,East,Finance,Enterprise,Priya,0.0,22.0,27,Yes,Positive,0,0.0,2025-03-30,33.0,Hot,402,0.3829779354798333,38.3,Send Follow-up Email
LEAD_0946,Cold Call,South,Technology,Medium,Sneha,1.0,8.0,50,Yes,Negative,1,90723.45,2024-10-12,14.0,Warm,571,0.3410987714854959,34.11,Send Follow-up Email
LEAD_0947,Cold Call,North,Technology,Enterprise,Sneha,16.0,9.0,180,Yes,Positive,0,0.0,2024-06-24,45.5,Cold,681,0.3232377807618416,32.32,Low Priority - Nurture
LEAD_0948,Referral,North,Education,Enterprise,Neha,1.0,9.0,29,No,Negative,0,0.0,2024-06-06,15.5,Hot,699,0.4056200715102257,40.56,Send Follow-up Email
LEAD_0949,Website,West,Finance,Large,Amit,5.0,1.0,1,Yes,No Response,0,0.0,2025-12-10,11.5,Hot,147,0.35996448522867863,36.0,Send Follow-up Email
LEAD_0950,Referral,East,Education,Small,Sneha,5.0,8.0,126,No,Negative,1,35736.74,2024-08-23,22.0,Cold,621,0.43586758701139466,43.59,Re-engage Urgently
LEAD_0951,LinkedIn,North,Education,Medium,Rahul,11.0,23.0,93,No,Positive,0,0.0,2025-01-02,56.5,Cold,489,0.3804527285586862,38.05,Send Follow-up Email
LEAD_0952,Referral,North,Technology,Medium,Neha,19.0,3.0,11,Yes,Positive,1,35454.83,2025-07-11,42.5,Hot,299,0.4021250648853243,40.21,Send Follow-up Email
LEAD_0953,LinkedIn,Central,Education,Large,Rahul,15.0,24.0,52,Yes,Positive,1,139197.59,2025-03-26,66.0,Warm,406,0.39311740136673196,39.31,Send Follow-up Email
LEAD_0954,Referral,Central,Healthcare,Large,Rahul,14.0,20.0,31,No,Positive,0,0.0,2024-06-05,58.0,Warm,700,0.45988473554749115,45.99,Call Immediately
LEAD_0955,Email Campaign,Central,Technology,Medium,Vikram,8.0,22.0,34,No,Positive,0,0.0,2025-10-08,49.0,Warm,210,0.393902396396534,39.39,Send Follow-up Email
LEAD_0956,Cold Call,West,Retail,Small,Priya,14.0,24.0,131,No,No Response,1,13815.04,2025-11-15,64.0,Cold,172,0.2833631928817505,28.34,Low Priority - Nurture
LEAD_0957,Website,South,Finance,Small,Priya,18.0,6.0,152,Yes,No Response,1,63123.1,2024-07-25,45.0,Cold,650,0.40929285905754587,40.93,Send Follow-up Email
LEAD_0958,Email Campaign,East,Healthcare,Medium,Rahul,8.0,17.0,31,Yes,Positive,0,0.0,2026-01-04,41.5,Warm,122,0.3596452302825448,35.96,Send Follow-up Email
LEAD_0959,Cold Call,East,Technology,Medium,Rahul,4.0,8.0,14,Yes,No Response,0,0.0,2025-11-23,20.0,Hot,164,0.35115281336466786,35.12,Send Follow-up Email
LEAD_0960,LinkedIn,East,Education,Large,Rahul,2.0,30.0,141,No,No Response,0,0.0,2024-12-14,49.0,Cold,508,0.37631569004562,37.63,Send Follow-up Email
LEAD_0961,Email Campaign,East,Healthcare,Small,Neha,0.0,26.0,92,Yes,No Response,0,0.0,2024-10-19,39.0,Cold,564,0.39761110339226735,39.76,Send Follow-up Email
LEAD_0962,LinkedIn,Central,Education,Small,Neha,12.0,30.0,168,No,No Response,1,30626.61,2026-02-20,69.0,Cold,75,0.3666290920771906,36.66,Send Follow-up Email
LEAD_0963,Email Campaign,South,Retail,Medium,Rahul,8.0,6.0,149,No,Positive,0,0.0,2025-11-09,25.0,Cold,178,0.32306449450206276,32.31,Low Priority - Nurture
LEAD_0964,Referral,East,Finance,Enterprise,Amit,15.0,5.0,118,Yes,Positive,0,0.0,2024-06-16,37.5,Cold,689,0.40763560390427184,40.76,Send Follow-up Email
LEAD_0965,Referral,South,Healthcare,Small,Rahul,5.0,28.0,46,No,No Response,0,0.0,2026-01-07,52.0,Warm,119,0.36948423728981206,36.95,Send Follow-up Email
LEAD_0966,LinkedIn,South,Technology,Enterprise,Priya,14.0,29.0,166,No,Positive,0,0.0,2024-08-17,71.5,Cold,627,0.34071794660775223,34.07,Send Follow-up Email
LEAD_0967,LinkedIn,Central,Technology,Enterprise,Sneha,0.0,3.0,4,Yes,Positive,1,24907.24,2025-02-16,4.5,Hot,444,0.4254003357220358,42.54,Call Immediately
LEAD_0968,LinkedIn,East,Finance,Small,Amit,3.0,17.0,87,Yes,Positive,0,0.0,2025-02-04,31.5,Warm,456,0.4160016300698712,41.6,Send Follow-up Email
LEAD_0969,Email Campaign,West,Finance,Large,Rahul,15.0,4.0,63,Yes,No Response,0,0.0,2024-12-04,36.0,Warm,518,0.31482066475371207,31.48,Low Priority - Nurture
LEAD_0970,LinkedIn,North,Technology,Small,Vikram,9.0,3.0,131,No,Positive,1,95985.45,2026-04-16,22.5,Cold,20,0.3636840417052723,36.37,Send Follow-up Email
LEAD_0971,Cold Call,North,Finance,Enterprise,Sneha,4.0,11.0,168,No,Positive,0,0.0,2024-05-10,24.5,Cold,726,0.3383214595597899,33.83,Send Follow-up Email
LEAD_0972,LinkedIn,West,Finance,Small,Priya,3.0,0.0,73,No,Positive,1,104240.53,2024-06-11,6.0,Warm,694,0.39954637598491743,39.95,Send Follow-up Email
LEAD_0973,LinkedIn,East,Technology,Small,Vikram,4.0,5.0,110,No,No Response,0,0.0,2026-04-06,15.5,Cold,30,0.3822206488010489,38.22,Send Follow-up Email
LEAD_0974,Referral,South,Healthcare,Large,Rahul,3.0,8.0,128,No,Negative,0,0.0,2024-06-15,18.0,Cold,690,0.3847959963279075,38.48,Send Follow-up Email
LEAD_0975,LinkedIn,North,Finance,Medium,Rahul,4.0,12.0,115,No,Positive,1,108139.47,2025-08-06,26.0,Cold,273,0.37050505027864133,37.05,Send Follow-up Email
LEAD_0976,Referral,East,Finance,Small,Rahul,4.0,5.0,99,No,No Response,0,0.0,2025-02-28,15.5,Cold,432,0.4356418728376467,43.56,Re-engage Urgently
LEAD_0977,Referral,West,Education,Large,Priya,20.0,29.0,63,No,Negative,0,0.0,2024-08-04,83.5,Warm,640,0.3445019835312048,34.45,Send Follow-up Email
LEAD_0978,Email Campaign,Central,Retail,Medium,Sneha,2.0,18.0,108,Yes,No Response,0,0.0,2025-05-21,31.0,Cold,350,0.3844237226926475,38.44,Send Follow-up Email
LEAD_0979,Website,North,Finance,Small,Rahul,17.0,15.0,35,Yes,Positive,0,0.0,2024-06-09,56.5,Warm,696,0.45897611813623646,45.9,Call Immediately
LEAD_0980,Cold Call,East,Retail,Medium,Vikram,13.0,7.0,54,Yes,Positive,1,57324.49,2025-06-25,36.5,Warm,315,0.3555663928410087,35.56,Send Follow-up Email
LEAD_0981,Cold Call,West,Technology,Enterprise,Rahul,1.0,22.0,28,Yes,Negative,1,21999.19,2024-08-09,35.0,Hot,635,0.3035451285151227,30.35,Low Priority - Nurture
LEAD_0982,LinkedIn,South,Healthcare,Medium,Amit,7.0,2.0,4,No,Positive,1,131219.16,2024-10-07,17.0,Hot,576,0.4039923455251431,40.4,Send Follow-up Email
LEAD_0983,Cold Call,Central,Healthcare,Enterprise,Sneha,0.0,14.0,166,Yes,Negative,1,73115.89,2025-03-15,21.0,Cold,417,0.3296933659959651,32.97,Low Priority - Nurture
LEAD_0984,LinkedIn,North,Education,Medium,Vikram,5.0,0.0,102,No,No Response,0,0.0,2025-02-22,10.0,Cold,438,0.3823940386305546,38.24,Send Follow-up Email
LEAD_0985,Website,Central,Education,Large,Neha,7.0,13.0,41,No,Positive,1,70872.99,2025-10-20,33.5,Warm,198,0.43613672040370294,43.61,Call Immediately
LEAD_0986,Cold Call,South,Retail,Small,Priya,12.0,5.0,144,Yes,No Response,0,0.0,2025-04-18,31.5,Cold,383,0.3184482118858008,31.84,Low Priority - Nurture
LEAD_0987,Website,West,Retail,Medium,Amit,11.0,20.0,109,Yes,Negative,0,0.0,2025-08-21,52.0,Cold,258,0.34682241762805643,34.68,Send Follow-up Email
LEAD_0988,LinkedIn,East,Education,Large,Amit,7.0,9.0,42,Yes,Positive,0,0.0,2026-02-01,27.5,Warm,94,0.3623580783830013,36.24,Send Follow-up Email
LEAD_0989,LinkedIn,East,Finance,Medium,Neha,1.0,7.0,69,Yes,No Response,0,0.0,2025-10-06,12.5,Warm,212,0.38195554114633057,38.2,Send Follow-up Email
LEAD_0990,Email Campaign,West,Technology,Small,Rahul,2.0,30.0,80,Yes,Negative,0,0.0,2024-05-18,49.0,Warm,718,0.35256649328835915,35.26,Send Follow-up Email
LEAD_0991,Email Campaign,South,Healthcare,Enterprise,Neha,11.0,4.0,180,Yes,Negative,1,144017.16,2025-01-22,28.0,Cold,469,0.29529130901154743,29.53,Low Priority - Nurture
LEAD_0992,Email Campaign,North,Education,Medium,Amit,18.0,25.0,98,No,No Response,0,0.0,2025-09-18,73.5,Cold,230,0.32263711022855246,32.26,Low Priority - Nurture
LEAD_0993,Cold Call,South,Retail,Small,Neha,2.0,30.0,60,Yes,No Response,1,10424.2,2025-08-22,49.0,Warm,257,0.3193970063409109,31.94,Low Priority - Nurture
LEAD_0994,Cold Call,Central,Education,Large,Sneha,4.0,10.0,75,No,No Response,1,116479.73,2024-12-11,23.0,Warm,511,0.3736482939003824,37.36,Send Follow-up Email
LEAD_0995,Referral,South,Finance,Small,Priya,18.0,20.0,128,Yes,Positive,1,67480.71,2025-07-22,66.0,Cold,288,0.3614791605987548,36.15,Send Follow-up Email
LEAD_0996,Website,Central,Technology,Enterprise,Amit,14.0,10.0,44,No,Positive,0,0.0,2026-03-08,43.0,Warm,59,0.4131197036874972,41.31,Send Follow-up Email
LEAD_0997,Email Campaign,East,Healthcare,Small,Amit,5.0,22.0,118,No,Negative,0,0.0,2024-05-10,43.0,Cold,726,0.4038646934991047,40.39,Send Follow-up Email
LEAD_0998,Referral,South,Technology,Enterprise,Amit,11.0,27.0,74,No,Negative,1,115656.22,2025-12-02,62.5,Warm,155,0.32287383192402486,32.29,Low Priority - Nurture
LEAD_0999,Cold Call,West,Healthcare,Large,Rahul,2.0,21.0,106,No,Negative,1,137985.32,2025-03-13,35.5,Cold,419,0.2865586185419446,28.66,Low Priority - Nurture
LEAD_1000,LinkedIn,Central,Technology,Medium,Neha,17.0,0.0,40,Yes,Negative,1,148730.98,2024-09-18,34.0,Warm,595,0.42885371589140797,42.89,Call Immediately
